name,infrastructure_type,latitude,longitude
Thudiyalur Police Station,police,11.0820675,76.9412411
SREC Health Center,hospital,11.1005451,76.9637445
Kalaignar Karunanidhi Nagar,hospital,13.0386493,80.2052158
Kasimedu,hospital,13.122775,80.2960584
Mambalam Police Station,police,13.0349573,80.22946
Amrit Hospital,hospital,13.0922007,80.2792912
Vikram Hospital,hospital,13.0985007,80.2796178
Royapettah PS,police,13.0520106,80.2637348
City Tower Hospitals,hospital,13.08438,80.2160862
,fire_station,13.0637765,80.2356816
,police,13.0596173,80.2427681
Government Hospital,hospital,11.4085627,76.7002627
Sri Ramakrishna Dental Hospital,hospital,11.0212988,76.9883526
"Apollo Hospitals, Tondiarpet",hospital,13.1289367,80.2905623
K.H.M.Hospital,hospital,13.0844424,80.2130723
Sundaram Medical Foundation,hospital,13.08217,80.2069819
Sri Devi Speciality Hospial,hospital,13.0887983,80.1994692
S-8 Adambakkam Police Station,police,12.9893957,80.2019683
Teynampet E3 PS,police,13.048651,80.2494881
Teynampet FS,fire_station,13.0474469,80.249119
Corporation Hospital,hospital,13.0336624,80.2572467
Police Station,police,10.6571159,77.0083512
,police,10.6565729,77.0184714
"Hindu Mission Health Services, Kanchipuram",hospital,12.9787682,80.1846471
Parvathy Nursing Home,hospital,11.4156645,76.7088458
Military Hospital,hospital,13.0194622,80.1972947
Goverment dental hospital & collage,hospital,13.0829605,80.281264
Kilpauk Medical College,hospital,13.0785984,80.2433369
Hariharan Hospital,hospital,12.9847145,80.1905906
BM Hospital,hospital,12.9887616,80.1904116
K.F. Hospital,hospital,12.973463,80.1841397
Cancer Institute,hospital,13.0061338,80.239884
Adyar J2,police,12.997814,80.2557176
Sri Ramachandra Medical Centre and Hospital,hospital,13.0380979,80.1428047
,police,12.9814685,80.192063
Govt Maternity Hospital,hospital,13.0720996,80.2589871
Institute of Child Health,hospital,13.0735496,80.257025
Institute of Obstetrics and Gynaecology dd,hospital,13.0735431,80.2591463
Central Station PS,police,13.0818276,80.2755071
Chennai Central RPF,police,13.0830613,80.2732996
Ellen Multispeciality Hospital,hospital,11.0213634,76.9708723
GP Hospital,hospital,11.0201233,76.9710726
Saravana Dental Care Hospital,hospital,11.0028292,76.9513725
Senthil Hospital,hospital,11.0089752,76.9578034
Dr. S. G. Rajarathinam Hospital,hospital,11.0095256,76.9619316
RTO Check Post,police,8.3307076,77.1742787
Tax Check Post,police,8.3242251,77.1817641
"K. G. Hospital, Coimbatore",hospital,11.0004227,76.9715023
B1 Saint Thomas Mount PS,police,12.9991212,80.200262
Sengaliappan Nursing Home,hospital,11.0165542,76.955239
Kalpakkam Police Station,police,12.5037687,80.1533696
DAE Hospital,hospital,12.5037319,80.159635
Dharapuram Police Station,police,10.7312269,77.5240154
Sadras Police Station,police,12.5251654,80.1626667
MIOT International,hospital,13.0211808,80.1858412
Koyambedu Police Station,police,13.0696407,80.2004587
St. Thomas Hospital,hospital,13.0122733,80.196428
Govt Primary Health Centre,hospital,12.5274531,80.1631378
E1 Police Station,police,11.412076,76.6884781
"Office, Police Commissioner",police,13.0100865,80.1990931
,hospital,13.009781,80.1949734
T15 SRMC PS,police,13.0341993,80.1602489
Venkataeswara Hospitals,hospital,13.0293624,80.2440921
Government Hospital,hospital,12.7289287,77.8253132
KK Nagar PS,police,13.0415108,80.2054415
N4 PS,police,13.1345408,80.2974596
Virugambakkam Police Station,police,13.0491123,80.1992562
,police,13.03694,80.2674177
Sarswathi Hospital,hospital,12.9653846,80.2067733
Apollo Clinic & Pharmacy,hospital,13.05244,80.2041657
Vijaya Heart Centre,hospital,13.0483819,80.2070144
PAMC Hospital (Pandian Advanced Medical Centre),hospital,9.9267975,78.1420027
Aravind Eye Hospitals,hospital,9.9212003,78.1398805
Government Vetinary Hospital,hospital,9.9317265,78.1401058
Government Hospital,hospital,10.2512627,78.8135488
B.M.Orthopaedic Hospital,hospital,13.1181104,80.1499411
skandan nursing home,hospital,12.9447938,80.1405596
"Vasan Eye Care Hospital, Vadapalani",hospital,13.0495316,80.211027
JJ Hospital,hospital,13.0571293,80.1942138
Ramanathan Hospital,hospital,10.7729537,79.1331354
"S.B. Hospital Urology, Nephrology & Fertility Research Centre",hospital,10.7755458,79.1254
AVM Medical Centre,hospital,10.7876968,79.1384135
KRA Hospital,hospital,10.7869754,79.1397985
Police Booth,police,13.0737484,80.1923421
Police Booth,police,13.0656907,80.1935705
Neomed Hospital,hospital,9.9291508,78.148482
KMCH Hospital,hospital,11.2788797,77.5848796
Police Station,police,11.277733,77.5865812
Velachery,police,12.9850126,80.2208713
Bala Hospital,hospital,10.9969296,76.995705
,police,10.9952707,76.9681824
District Police Office,police,10.9990022,76.9677805
,hospital,10.6171687,77.9407588
"Ganga Medical Centre and Hospitals Pvt. Ltd ,Ramnagar",hospital,11.0158724,76.9594235
Krishna Nursing Home,hospital,11.0152327,76.9593766
"Kongunad Hospital, Coimbatore",hospital,11.018058,76.9604883
Sheela Clinic,hospital,11.01843,76.9604642
Police Booth,police,13.0447322,80.1862162
Appasamy Hospital,hospital,13.0750445,80.2151198
Appasamy Hospital,hospital,13.073239,80.2148826
Appolo Clinic,hospital,13.0892073,80.2178866
Ganapathy FireStation,fire_station,11.0391993,76.9975014
E6,police,13.2718063,80.2625092
Chintadripet,police,13.0749088,80.2725042
"Sankara Eye Hospital, Kanchipuram",hospital,12.965059,80.128212
S6 Shankar Nagar Police Station,police,12.9692797,80.1257959
Vadapalani Police station,police,13.049673,80.2117315
Ramapuram Police Station,police,13.0317737,80.1790069
Srm Speciality Hospital,hospital,13.0331325,80.1810857
SRM Dental Hospital,hospital,13.0321291,80.1801201
"Surya Hospital, Coimbatore",hospital,11.0390101,76.979517
Ukkadam Police Station(B2),police,10.9890037,76.9615341
Womens Police Station,police,11.0155688,76.9683463
Fair Pharma,hospital,10.8927566,76.9246984
Kattor Police Station,police,11.0153033,76.968307
Madukkarai Police Station,police,10.911453,76.9490401
Vasan eye Care Hospital,hospital,10.9560967,76.9540004
Aakash Fertility Centre & Hospital,hospital,13.0554597,80.2118365
,hospital,12.9445695,80.1210689
Rajan Eye Care Hospital,hospital,13.0508335,80.2434416
,hospital,10.3285722,76.9558507
,police,10.3289364,76.9574477
MMC Govenment Hospital,hospital,13.1635998,80.2435516
Avadi Hospital,hospital,13.1174941,80.1008132
TIRUPPUR NORTH,police,11.107892,77.3450511
Dr. Nathaji Nursing Home,hospital,12.8302996,79.7031901
Police booth,police,12.9651635,80.2060352
sree dhanalakshmi family clinic,hospital,13.0583046,80.211745
,police,13.1244932,80.2771688
Lotus Hospital,hospital,11.3266236,77.7306301
Karamadai Police Station,police,11.2395224,76.9595897
PSG Hospitals,hospital,11.0188398,77.0073136
K T V R Group Hospital,hospital,11.026167,76.9499384
Bhadra Homeo,hospital,12.9663879,80.2474724
Porur Police Station,police,13.0343074,80.1601292
Coimbatore Bone and Joint Foundation (P) Ltd.,hospital,11.0149404,76.9543844
Deiva Hospital,hospital,10.7746145,79.1231818
"Womens Medical Centre, Coimbatore",hospital,11.0337824,76.9517175
Masonic Medical Centre For Children,hospital,10.9997961,76.9799441
Somu medicals,hospital,11.0264568,76.9448591
Akila Medicals,hospital,11.0265516,76.9443924
Dr.U.S.Prakash's Clinic,hospital,11.0256249,76.9372845
KG Eye Hospital,hospital,11.0825506,76.997422
"Shree Siva Hospital, Ganapathy,",hospital,11.0441103,76.9856071
"C2- Race Course Police Station, Coimbatore",police,11.001692,76.9713177
Mettupalayam GH,hospital,11.3047109,76.9364387
Balasubramaniam Vengudi Hospital,hospital,12.8307101,79.7035972
Hindustan Hospital,hospital,11.2816017,76.9462511
K.R. Hospital,hospital,11.1564875,76.944041
Kalpaviruksha Ayurvedic Hospital,hospital,11.1293552,76.9351656
C-3 Saibaba Colony Police Station,police,11.0266348,76.9515967
Sai Shraddha Hospitality,hospital,11.0254581,76.9726262
Vega ENT Hospitals,hospital,11.0144183,76.9437894
Sitalakshmi Hospital,hospital,11.0142906,76.9449521
Manonmani Hospital,hospital,11.0147975,76.9475002
Preetam's Cardio Care,hospital,11.0152003,76.9498136
Rasi Hospital,hospital,11.0097731,76.9503293
Amma Hospital,hospital,13.0626045,80.2305209
Immanuel Eye Hospital,hospital,11.3022381,76.9400735
Mettupalayam Fire Station,fire_station,11.293845,76.9512395
City Hospital,hospital,11.0193391,76.9635166
Bethel Hospital,hospital,11.0190021,76.962084
Arasu Medicals,hospital,11.010593,76.950234
The Eye Foundaton,hospital,11.0134549,76.9496753
Right Hospitals,hospital,13.0787952,80.2405731
Saravanampatti Police Station,police,11.0747296,77.0027116
Moses Eye Hospital,hospital,10.9943793,76.9664663
Thayarammal poly clinic,hospital,10.9935069,76.9756194
Ramanathapuram police station,police,10.9975827,76.997871
Vasan Eye Care Hospital,hospital,11.0124743,76.9862396
Coimbatore Kidney Centre,hospital,11.009415,76.9893791
B1 POLICE STATION,police,10.9924847,76.9591307
Clinic - Dr.Rajashree,hospital,10.9978977,76.9893923
K. J. Hospital,hospital,10.9414068,76.9369908
Rajans Hospital (P) Ltd.,hospital,9.3621517,78.8344145
Vasan Eye Care Hospital,hospital,13.0015307,80.2552541
,hospital,11.1007563,77.3563728
,hospital,13.0584072,80.2011738
,police,13.0576855,80.2041548
Ashwini Eye Care,hospital,13.1187083,80.1572422
Kollencode Police Station,police,8.2937626,77.114347
Kollencode Fire Station,fire_station,8.2844146,77.1171714
Police Station,police,11.3630177,77.7476505
Government Hospital,hospital,11.3608508,77.747453
,police,10.988383,76.9354528
A D J Hospital,hospital,8.3354591,77.8640852
Tisaiyanvillai Police Station,police,8.3366712,77.8541616
Tisaiyanvillai Fire Station,fire_station,8.3371569,77.8530512
Jerry Hospital,hospital,8.336738,77.864386
Auroville Health Center,hospital,11.9870653,79.8342576
Shastri Nagar Police Station,police,13.0006116,80.2659307
"Assured Best Care Hospital (P) Ltd., ( Abc Hospital)",hospital,10.8308335,78.6848076
,hospital,12.8793817,79.1340678
Bagayam Police Station,police,12.8757507,79.1336955
"Government Hospital, Kilakarai",hospital,9.2346623,78.7860322
,police,9.2399184,78.7819267
St. Lukes Hospital,hospital,8.5584834,77.9701379
Palani Town Police Station,police,10.4528743,77.5155698
"Sri Kumaran Hospital, Tiruppur",hospital,11.1307528,77.3412468
Prime Care Nursing Home,hospital,12.9799192,80.2044922
Government Hospital,hospital,12.3048002,78.2060881
,hospital,12.3064093,78.2029177
,hospital,12.3098055,78.2041837
,police,12.3043547,78.203113
ESI Hospital,hospital,11.1196849,77.3492741
Tiruppur North,police,11.1066254,77.3427939
,police,12.5292856,78.2057273
St.Louis Hospital,hospital,12.5252135,78.2149263
Government Hospital,hospital,12.5246441,78.2199165
ACS Medical College And Hospital,hospital,13.0575206,80.127824
Shri Sathya Sai Medical College & Research Institute,hospital,12.7415557,80.1328466
Police Outpost,police,13.2156173,80.1694388
,hospital,8.9144298,77.3878516
,hospital,13.1340563,80.1037102
,hospital,13.1333249,80.1033668
HVF,police,13.1291456,80.1073794
Railway police station,police,8.9645513,77.3063031
"Krishnagiri Taluk office, fire station, Police station",police,12.5254539,78.2171823
,hospital,12.5227527,78.2191623
Ashwin Hospital,hospital,11.0241826,76.9731186
Police Stations,police,8.9724199,77.4192932
Surandai Fire Station,fire_station,8.9708303,77.4201945
Apollo Free Emergency Clinic,hospital,13.0677233,80.2050055
,police,13.0687012,80.2046669
Agarwal Hospital,hospital,13.0385656,80.2165845
Senthil Nursing Home,hospital,13.0849671,80.2004752
I K Hospital,hospital,13.0868667,80.1991661
Senthil Nursing Home,hospital,11.4395054,77.6957293
Komarapalayam Police station,police,11.4413141,77.6931115
Govt hospital,hospital,11.4432595,77.6941951
B.P. Jain Hospital (Sri Sankara Health Centre),hospital,12.9730642,80.1339663
Adirampattinam Police Station,police,10.3404104,79.3855317
Ortho clinic,hospital,12.9800456,80.2286587
Commissioner's office,police,11.755369,79.7688583
Goverment Hospital Kedar,hospital,12.0096083,79.4098555
J2 Police Station Kedar Jurisdiction,police,12.0091224,79.4029681
Malar Hospital,hospital,11.7727133,79.554121
J9 Police Station,police,12.947613,80.2416251
JK Hospital,hospital,13.0358564,80.1644897
Maruthi Medical Centre(Mmch Hospital),hospital,11.3384018,77.7130616
"Kovai Medical Centre And Hospital, Perundurai",hospital,11.3381361,77.7139593
Senthil Multispeciality Hospital,hospital,11.338983,77.7138529
Madipalkam police stations,police,12.9559858,80.1853072
,hospital,12.9559409,80.1855637
Goverment Hospital,hospital,11.156647,78.0213586
R.P Hospital,hospital,11.2417652,77.5037061
SP Hospital,hospital,12.9933638,80.2009134
Fourtts India Laboratories,hospital,12.9321684,80.2337388
Chettinadu Hospital & Research Institute,hospital,12.7960843,80.2155228
Rotary Central Margaret Sidney Hospital,hospital,12.9837958,80.1932105
,police,13.0229741,80.1999165
Sri Chakra Hospital,hospital,12.9786524,80.1850278
All Women Police Station,police,8.0824428,77.5495196
Police Station,police,8.0821735,77.5495411
Frontline Hospital and Research Institute,hospital,10.8340169,78.6947328
Police Srirangam,police,10.8571762,78.6896428
Taluk Police Station Kumbakonam,police,10.9555027,79.3655029
Traffic Police Station,police,12.6212684,80.1955516
"Police Station, Vettavalam",police,12.1098807,79.2447246
Sinduja Hospital,hospital,10.6039899,78.4168494
Police Booth,police,12.8975662,80.1823209
Rajan Hospital,hospital,12.8928496,80.1835976
Maruti Hospital,hospital,10.8100113,78.6804341
police station,police,10.7035066,78.5504006
Police Assistance Booth Mugalivakam,police,13.0207162,80.1663239
Dr. Janardhanan Multispeciality Dental Clinic,hospital,12.9842586,80.1886083
Rajan hospital,hospital,8.3362544,77.8658684
Govt hospital (siddha only),hospital,8.3386085,77.8672828
B2 Police Station,police,10.8228204,78.6827289
Dr Venugopals' Sundaram Clini,hospital,13.076782,80.268345
Dr Kabir's Clinic,hospital,13.0768734,80.2678381
Dr Sridhars'Clinic,hospital,13.0764345,80.2672427
,hospital,8.165261,77.6403995
The Eye Foundation,hospital,11.3031429,76.9359938
Suradeep Hospital,hospital,12.6178199,80.1950156
Trafic Police Station,police,12.7279317,77.8270513
Hosur Town Police Station,police,12.7267546,77.827283
Kuzhanthai Sanjeevi Hospital,hospital,8.1749614,77.4271723
Dr. Gopalapillai Jawahar Hospital,hospital,8.1765816,77.4273533
Kottar Government Hospital,hospital,8.1782741,77.4362511
Life Care Hospital,hospital,8.1735067,77.4275679
,police,8.1783299,77.4316465
SP Scan Centre,hospital,8.1823899,77.415691
Muthunayagam Hospital,hospital,8.1801549,77.4201531
Dr. Jayaharan Memorial Hospital,hospital,8.1828595,77.4293245
Police,police,12.6214889,80.1942737
Blind Society Eye Hospital,hospital,11.4110035,76.7107837
Preethi Hospital,hospital,9.947238,78.157954
Meenakshi Mission Hospital,hospital,9.9484837,78.1625426
Agarwal Eye Hospital,hospital,8.7249013,77.7219613
,fire_station,13.0351313,80.2306922
AnnaMalai Hospital,hospital,9.3106751,77.5486151
NMS Hospital,hospital,9.3118398,77.5487224
Sri Vaiyapuri Hospital,hospital,9.3117103,77.5519108
"Government Hospital, Villupuram",hospital,11.9415377,79.4861469
Hari Hospital,hospital,11.9396748,79.4863993
Jaihindpuram Police Station,police,9.9066088,78.1119041
"Goverment medical college & hospital, Villupuram",hospital,11.9933796,79.5174212
"Government Hospital, Aruppukottai",hospital,9.5026116,78.0971038
Virudhunagar Government Hospital ICU Unit,hospital,9.5895875,77.9618521
Senthikumara Nadar Government Hospital,hospital,9.5903105,77.9613532
Thiruvengdam Hospital,hospital,9.5893535,77.9601061
Kamarajar Hospital,hospital,9.5880809,77.952964
City Police HQ,police,9.5565491,77.9453096
Government hospital,hospital,9.8404485,78.4855684
Aravindan Hospital,hospital,11.1334592,77.0340488
Vepery Hospital,hospital,13.0921812,80.2594411
Suriya Hospital,hospital,12.2524953,79.415757
Aravinda Institute of Paramedical Sciences,hospital,11.9398236,79.4873857
Koti Orthopaedic And Trauma Care Speciality Hospital,hospital,11.9395743,79.4873669
Vasan Eye care,hospital,12.9658002,80.191882
Al-Aman Hospital,hospital,10.7114837,79.5163253
Koothanallur Police Station,police,10.7161884,79.5172308
Koothanallur Government Hospital,hospital,10.7139161,79.5158723
GM Clinic,hospital,10.7133628,79.5170871
"GK X-Rays, ECG, & Computer Lab",hospital,10.7133637,79.515919
Government Veterinary Hospital,hospital,10.7114932,79.5108311
Jaws Dental Foundation,hospital,13.0929667,80.2236256
Women's Police Station,police,12.2523481,79.4163223
Police Station,police,12.2517837,79.4181292
J6 Police Station,police,12.9874599,80.2559315
Chennai Skin Foundation,hospital,13.0205681,80.2594702
AVR Pillai Hospital,hospital,8.1736296,77.4024005
Earl Hospital,hospital,8.174033,77.4028974
Joe Hospital,hospital,8.1889919,77.4008206
Joseph Daisy Hospital,hospital,8.1793516,77.4330949
Venkata rathnam Hospital,hospital,13.2772938,80.2598649
Government Hospital,hospital,12.2518509,79.4194149
P.R.G Hospital,hospital,12.2527557,79.4137576
Sukrthi Nursing Home,hospital,12.9710287,80.2082964
Mailam Police Station,police,12.1281858,79.6195761
Gunam Super Speciality Hospital,hospital,12.7295695,77.8246469
Little Flower Hospital,hospital,8.1726916,77.4258034
A.N.N Hospital,hospital,13.0405941,80.1784622
Appolo Speciality Hospital Vanagram,hospital,13.0705042,80.150612
paranji Govt Hospital,hospital,13.0995425,79.5324922
Chitlapakam Police Station,police,12.9372924,80.1379265
Tamil Nadu Fire and Rescue Services,fire_station,12.9436361,80.1335964
Karpaga Vinayaga Institute Of Medical Sciences,hospital,12.5921821,79.9129801
S-10 Police Station (Pallikaranai),police,12.9173825,80.1950805
Government Hospital,hospital,11.4904249,79.7571365
Kauvery Hospital,hospital,13.0381705,80.2573008
Perumalpuram C3 Police station,police,8.7040942,77.7319902
Dr Mohan's Diabetes Hospital,hospital,12.9255743,80.1281333
Chetpet,police,13.0706907,80.2421194
,police,11.3976327,79.6911315
Arya Vaidya Pharmacy,hospital,10.995609,76.9917076
Velachery SABA Hospital,hospital,12.9862735,80.2298924
Ulagamathi Hospital,hospital,11.6144939,79.5496561
BHEL Hospital,hospital,12.9715563,79.2923427
Thirunavukarasu Hospital,hospital,11.0604732,78.1382707
Sri Malar Hospital,hospital,11.063636,78.139887
Maharaja Speciality Hospital,hospital,11.210755,78.166997
"R.K. Hospital, Namakkal",hospital,11.2143252,78.1678846
Chellam Hospitals,hospital,11.2153614,78.1684456
Deepthi Hospital,hospital,11.2152757,78.1680221
Sabari Childrens Hospital,hospital,11.2151465,78.1680375
Manoharan Hospital,hospital,11.218016,78.171629
Nirmala Hospital,hospital,11.2179361,78.1665001
Saravana Hospital,hospital,11.216652,78.171298
"Vairam Hospital,Namakkal",hospital,11.217603,78.153269
Aravinth Hospital,hospital,11.2233336,78.1672805
Aruthra Hospital,hospital,11.2264666,78.1631524
Ilamurugan Hospital,hospital,11.2248399,78.166586
Annai Eye Hospital,hospital,11.2241645,78.1641366
Bharathi Hospital,hospital,11.2342127,78.1659819
"Maruthi Hospital, Namakkal",hospital,11.2456461,78.1655518
Nila Hospital,hospital,11.2453699,78.1658075
Balaji Hospital,hospital,11.2439036,78.1666504
Our Lady Of Health Hospital,hospital,10.7712003,79.1365736
Rathinapuri Police Station,police,11.0250344,76.9715748
Thirukovilur Police Station,police,11.9664139,79.2020996
Chellam Hospital,hospital,12.9012946,80.1583761
,hospital,10.7715638,78.8011148
Boiler Plant Police Station,police,10.7710082,78.795665
Kaya Skin clinic,hospital,12.9767775,80.2223505
Kotagiri Medical Fellowship Hospital,hospital,11.4348162,76.859762
Madras Medical Mission Hospital - Institute of Cardio Vascular Diseases,hospital,13.0859961,80.1870589
Gudalur Adivasi Hospital,hospital,11.5020267,76.4990803
Raja Maternity Hospital,hospital,10.827056,78.6846068
Sree Balaji Hospital,hospital,10.8123761,78.7162558
,police,10.8161847,78.6942025
Alvin Hospital,hospital,10.7993396,78.7496107
Apollo Speciality Hospitals,hospital,10.80708,78.7111538
Gitanjali Hospital,hospital,10.8024873,78.7415659
Aalva Hospital,hospital,10.6378336,76.950131
Primary Health Center,hospital,10.601104,76.9285955
J.S. hospital,hospital,10.0780964,78.7847736
Main Hospital,hospital,10.7789063,78.7974406
"Vasan Eye Care Hospital, Kuniamuthoor",hospital,10.957713,76.9543156
,hospital,12.123578,78.1574383
Maragatham Hospital,hospital,11.9411824,79.4957252
Indumission Hospital,hospital,11.9396558,79.4899477
Ananada Hospital,hospital,11.9382623,79.4854322
Pavithra Hospital,hospital,13.1260907,80.2488406
Aswini Hospital,hospital,11.9402893,79.4893636
Police Station,police,11.9401952,79.4865046
Police Station,police,11.9440945,79.4958028
Eyyanur Hospital,hospital,11.621898,79.0571295
,police,10.8523494,77.8485857
Shankara Netralaya Eye Hospital,hospital,13.0642564,80.2497746
Devi Hospital,hospital,9.9524657,78.136102
Ortho One,hospital,11.0018351,77.0328061
Government Urban Primary Health Center,hospital,11.0827084,76.9427442
Karpagam Faculty Of Medical Sciences And Research,hospital,10.8840061,77.0066035
SN Hospital,hospital,8.2442143,77.298003
Sholayar Garden Hospital,hospital,10.2935723,76.9455228
Salem Town Police Station,police,11.6539405,78.1604851
Aravind Eye Hospital,hospital,11.641927,78.1392347
Vijaya hospital,hospital,11.6674308,78.1505122
S K S Hospital India Pvt Ltd,hospital,11.6701839,78.1433663
Alagapuram Police station,police,11.6769953,78.1422615
"St.Marys Hospital, Salem",hospital,11.6634501,78.1444402
Kamala Hospital,hospital,11.6565946,78.1643458
,fire_station,11.6539413,78.1511353
"Vasan Eye Care Hospital, Salem",hospital,11.6702294,78.1407532
"Kiruba Hospital, Salem",hospital,11.6670638,78.1563369
S Palaniandi Mudaliar Memorial Hospital,hospital,11.661301,78.1920085
Gopi Memorial Hospital,hospital,11.673855,78.1516078
R6 KUMARAN NAGAR POLICE STATION ,police,13.0283677,80.2163105
Aravind Eye Hospital (City Centre),hospital,11.0153158,76.9539881
Denkanikottai Police Station,police,12.5208971,77.7903372
Srinivasan Rajalakshmi Memorial Hospital,hospital,12.9733792,80.187599
"Lotus Eye Care Hospital, Coimbatore",hospital,11.0140006,76.9543624
ECHS,hospital,11.0051924,76.9879176
ECHS Polyclinic,hospital,11.0053321,76.9876533
,hospital,11.0248424,76.9564023
TMSSS hospital,hospital,10.6000872,78.4008614
,hospital,13.026489,80.1829882
,hospital,11.7094904,78.1031647
M.M. Hospital,hospital,11.2103089,78.1776545
Virudhunagar Fire Station,fire_station,9.5934341,77.9539212
Baalaje Hospital,hospital,11.0247244,76.9055811
"Sri Lakshmi Hospital, Coimbatore",hospital,11.0782349,76.9409348
Dr.Raj kumar,hospital,10.8752821,78.8163052
Airport Police Station,police,10.7588027,78.7077417
G4 Vandavasi north police station,police,12.5068712,79.6045373
superitendent of police,police,12.8224828,79.6973133
Walajabad police station,police,12.7937471,79.8162163
c3 police station Manimangalam,police,12.9163861,80.0398418
Cheyur Police station,police,12.3517152,79.9975084
sup,police,12.822712,79.6949704
anna nagar police superitendent station,police,12.8237772,79.6974277
Chengalpatu AwPolice Station,police,12.6971397,79.9771626
Guduvancherry Police Station,police,12.8439226,80.0615864
Baluchetty Chatram Police station,police,12.8768075,79.6160108
Melmaruvathur Police Station,police,12.4316923,79.831919
Mathur Police Station,police,12.3828409,78.4125514
Otteri Police Station,police,13.0874523,80.2458786
Palur Police station,police,12.7676644,79.9034914
Ammapet B 6  Police Station,police,11.6530298,78.1617852
Ammapet B 6  Police Station,police,11.6590023,78.1816097
Annadanapatti B 4 Police Station,police,11.6424031,78.1404779
Attayampati C 1 Police Station,police,11.5313534,78.050867
Hastampatti B 7 Police Station,police,11.6778088,78.1645798
Kannankurichi B 8 Police Station,police,11.6967465,78.1769759
Karipatti Police Station,police,9.6771157,78.1034294
Kitchipalayam B 5 Police Station,police,11.6472529,78.1702578
Mallur Police Station,police,11.5452987,78.1428828
Palapatti B 10 Police Station,police,11.6699556,78.1394849
Panamarathupatti Police Station,police,11.5614945,78.1639663
Police Control Room Police Station,police,11.6425701,78.1459515
Suramangalam Police Station,police,11.6708007,78.1168863
Shevapet B 2 Police Station,police,11.6514754,78.1522608
Veeranam Police Station,police,11.6862224,78.2128652
Women Ammapet W 2 Police Station,police,11.6590617,78.1818592
Women Salem Town W 1 Police Station,police,11.654013,78.1601008
police station s11,police,12.9254171,80.1128984
Somangalam police station,police,12.9459306,80.0355638
thiroporur police station,police,12.7236799,80.1887292
Uthiranerur police station,police,12.6162879,79.7537657
Acirapakkam Police Station,police,12.403834,79.8174314
Sriperumbudur Police Station,police,12.9637993,79.9491741
,hospital,10.8570027,78.6914604
Cheyyar Police Station,police,12.6667419,79.540611
J.J Nagar Police Booth (V3),police,13.0876952,80.1878894
Anna Nagar Police Station,police,9.9354414,78.1442838
D6 Police Station,police,12.7890654,80.0309867
,police,12.432521,79.8317603
Orathi Police Station,police,12.3806752,79.6928343
Thalambur Police Station,police,12.8469006,80.2271771
,police,10.9875675,76.963933
central Government railway Hospital,hospital,10.7857499,78.7251483
Temple police station,police,9.2893241,79.3185256
Vijaya Hospitals,hospital,11.0148532,76.9489909
Chennai Medical Centre Hospital,hospital,13.0380047,80.1889685
SRM Institutes For Medical Science,hospital,13.0515961,80.2114304
,hospital,11.2926106,76.9402005
Guru Hospital,hospital,9.9434826,78.1647715
"Shri Hari Hospital, Coimbatore",hospital,11.0265248,76.9475939
,hospital,10.9601709,78.0795997
Rps Hospital,hospital,11.6260528,78.1474921
??????????? ?????,hospital,11.625344,78.146058
,hospital,11.6157985,78.1450327
,police,11.6187962,78.1446278
,police,11.6336943,78.1495015
,hospital,11.6290872,78.1485012
,police,11.6422125,78.1454129
,hospital,11.4404293,77.6929756
,police,11.454985,77.4270905
,hospital,11.6331862,78.1268849
Joseph Eye Hospital (Institute Of Ophthalmology),hospital,10.8020383,78.6915667
,police,10.8266164,78.6946494
Krishna Hospital,hospital,10.7987855,78.7517146
West Police Station,police,9.5924531,77.9534737
Vivekanandha,hospital,13.1108976,80.0952836
Bethesda Hospital,hospital,11.0354039,76.9304803
"Kiruba Hospital, Koilmedu,Coimbatore",hospital,11.0335068,76.929457
,police,8.0810373,77.5337547
,police,11.0528309,77.9221892
,police,10.7895835,78.6803313
kasthuriba hospital,hospital,10.2793566,77.9225713
G R Hospital,hospital,11.0093491,77.0024216
,police,9.9105636,78.1495967
Acchutha Eye Care,hospital,11.33176,77.7202562
Vellore Fire station,fire_station,12.9141234,79.1312446
Viruthampattu police station,police,12.9534269,79.1414205
Gandhi Market Police Station,police,10.8161795,78.6944015
TNAU Hospital,hospital,11.0080012,76.9362691
,police,11.7189488,79.7696453
,hospital,11.7144282,79.7689069
government child health center,hospital,12.9241666,80.1274453
Christdas hospital,hospital,12.9229715,80.1298204
Arakkonam Government General Hospital,hospital,13.0849714,79.6647558
Arakkonam Town Police Station,police,13.0838611,79.6699654
"Velu Hospital, Arakkonam",hospital,13.08485,79.6679233
"Kumaran Hospital, Arakkonam",hospital,13.0868288,79.6640745
HEALTH,hospital,13.0135999,80.2395364
"Vasan Eye Care Hospital, Kanniyakumari",hospital,8.1906311,77.4356304
Srinivasa Hospitals,hospital,8.201188,77.4552358
Ashwin clinic,hospital,10.8016445,78.7428121
Santhosh Hospital,hospital,8.7622984,77.7096196
Vinayaka mission Kirubananadah variyar medical college hospital,hospital,11.584984,78.0618417
,hospital,13.1133021,80.2905249
,hospital,11.087657,77.003366
,police,12.4904347,80.1585715
,hospital,12.9934355,79.3311544
Franklin Hospital,hospital,8.1914508,77.3975965
,hospital,8.1710827,77.4310027
Subbu Hospital,hospital,11.2434041,76.9602041
,police,10.9876225,78.3361429
"Golden Hospital, Madurai",hospital,9.9275395,78.1551085
,hospital,9.9261661,78.1573518
Kadampuliyur Police Station,police,11.7025877,79.5509081
,hospital,12.9261223,80.1265186
,hospital,9.5837049,77.9599606
Sivakasi Goverment Hospital,hospital,9.4606037,77.7863241
Lakshmi Hospital,hospital,9.4510259,77.7933036
,police,10.9407487,78.4199515
Meenakshi Hospital,hospital,10.7454732,79.1117927
Government Hospital,hospital,10.9428055,78.4146362
Madhan Hospital,hospital,9.5842695,77.956573
,fire_station,8.1778423,77.4259498
Tiruchy Medical Center & Hospitals,hospital,10.8181109,78.6817074
,hospital,10.4896567,77.7469188
,police,10.4874625,77.7512396
Mahatma eye hospital,hospital,10.8181383,78.6850014
Balaji Clinic (eye),hospital,8.1771309,77.4317191
District Commissioner Office,police,10.780682,78.7015497
Police Assistance Booth,police,13.0699263,80.2714181
Mandiyur Police Station,police,10.6596787,78.7408896
District Police Office,police,10.7849428,78.699011
Sugam homeopathic hospital,hospital,12.9230989,80.130824
Dr. KK eye care center,hospital,12.9220657,80.1381329
Be Well Hospital,hospital,12.9220102,80.1417788
Chellam Super Speciality Center,hospital,12.9237851,80.1589529
New Life Hospital,hospital,12.9225168,80.1522357
,hospital,9.2847706,79.2551395
meenakchi chandra sekar,hospital,11.9456841,79.4955662
Neocare Maternity and Kids Hospital,hospital,11.7670702,79.7443918
Accident and Emergency,hospital,10.9537896,78.755235
Sri Ramachandra Hospital,hospital,13.0852758,80.0674867
New Life Hospital,hospital,11.7517735,79.7608276
Police Quarters,police,11.7516072,79.7602431
Cuddalore New Town Police Station,police,11.7513011,79.7610182
Police Booth,police,13.1037724,80.0585425
T9 Police Station Pattabiram,police,13.1222511,80.0624155
J-10 Semmenchery Police Station,police,12.9008558,80.2280156
A.R.R.Hospital,hospital,11.7577422,79.7610782
"Abiraami Hospital, 24-ALC Campus",hospital,11.7559599,79.7616156
Abiraami Hospital,hospital,11.7560109,79.7612183
Grace Hospital,hospital,13.1232827,80.0591826
Abirami Nursing Home,hospital,13.1217696,80.0634217
,hospital,11.7534346,79.7612573
The Zusaanli Acupuncture and Ayurveda Hospital,hospital,11.7597158,79.7651459
Surya Hospital,hospital,11.7615618,79.7642665
Sujatha Hospital,hospital,11.7619769,79.7640451
Saravana Hospital,hospital,11.7722756,79.7593194
Gov Sub Urban Health Center,hospital,13.1155685,80.0632561
Police Station,police,10.7743667,79.1328753
St.Gabriel Hospital,hospital,10.8922414,79.1824974
narayana hospital,hospital,11.9380951,79.4927935
harijian hospital,hospital,10.8076704,78.6810266
kauvery Hospital,hospital,10.8023451,78.6801881
Tamil nadu special police battalion,police,10.7901246,78.6825796
rajaram hospital,hospital,11.9379715,79.4979097
hariprasath hospital,hospital,11.9383956,79.4927432
suganthi skin specialist,hospital,11.938242,79.4926144
thamothiran,hospital,11.9400134,79.4867511
hindhumachine,hospital,11.9394571,79.4875638
arul selvan,hospital,11.9393889,79.4875692
arumugan eye care,hospital,11.9395594,79.4875477
ashvini hospital,hospital,11.9401289,79.4873814
sumathi hospital,hospital,11.9400239,79.4874404
Ayyampettai Police Station,police,10.8905055,79.1890064
,hospital,11.5860917,78.0629297
Kumarasamy Hospital,hospital,11.334273,77.7259118
"Thangam Hospital, Erode",hospital,11.3340961,77.7262437
Government Health Center,hospital,12.885562,80.151595
Annai Therasa Hospital,hospital,12.8917407,80.1412614
Government Veterinary Hospital,hospital,12.8855161,80.1522823
,hospital,12.9207467,80.1437903
,hospital,12.9201133,80.1443788
,hospital,13.1131363,80.2429369
,hospital,11.9891387,78.3645345
Government primary health center,hospital,11.2385887,76.9640887
,hospital,12.7939715,79.8175725
Narbavi hospital,hospital,12.840341,79.6950763
Kottakal arya vaidhya sala aurvedic hospital,hospital,12.8385363,79.6984629
Government urban primary health center,hospital,12.8338884,79.6851992
Medi care hispital,hospital,12.8283076,79.7038043
Kottakkal Arya Vaidhyasala,hospital,12.9203722,80.1443905
,fire_station,12.8310173,80.2224311
Marhura hospital,hospital,12.8369284,80.2275731
The Cresent Hospital,hospital,13.0527235,80.2727336
Atlas Hospital,hospital,10.8333326,78.6906258
Karunya nagar police station,police,10.941951,76.7536848
Be Well Hospital,hospital,8.1763159,77.4275999
Telugupalayam Hospital,hospital,10.9842757,76.9297655
Neuro One Hospital,hospital,10.8346516,78.6908794
Fire service station;Fire Force Service center,fire_station,12.9768528,80.2276341
Police Booth,police,13.0149758,80.1816427
Biocosmo Healthcare,hospital,13.0590329,80.2375326
VSR Hospital,hospital,13.0799682,80.1805593
New Life Family Hospitals,hospital,13.0800478,80.1804976
???? ??????????? ?????????,hospital,9.2274846,78.1377944
Vijaya Group of Hospital,hospital,13.0497391,80.2083222
???? ??????? ???????????,hospital,13.0615207,80.275747
ARK Hospital,hospital,12.9856999,80.2293536
Prohibition Check Post,police,11.9827095,79.8450868
Annamalai Hospital,hospital,13.031147,80.2228983
Ezhil Hospital,hospital,13.0319539,80.2207913
Leo Ortho care Hospital,hospital,10.9969428,76.9993022
,hospital,11.3976299,79.6961689
Vishnu Multispeciality Hospital,hospital,11.3270798,79.7147066
Annai maruthuvamanai,hospital,11.2932871,79.7165596
B6 Kandamangalam Police Station,police,11.9189716,79.6785747
Eye Trust Hospital,hospital,11.0242987,76.9582327
"Qure Ortho Clinic, Physiotherapy, X Ray & Pharmacy",hospital,12.9794,80.2043658
Point B,hospital,13.0258358,80.039844
G3,police,10.3406203,79.3854808
Vadamalaiyan hospital,hospital,9.9116748,78.1197898
,police,11.0821749,76.9411896
Police Station - Annamalai Nagar,police,11.3869698,79.7111529
Fire Station Chidambaram,fire_station,11.3939609,79.7027245
Kamaraj Government Hospital,hospital,11.395118,79.6995434
Holy Cross Hospital,hospital,8.1883774,77.4173304
government sub health center,hospital,11.2376384,76.9224629
"Dr.Agarwal's Eye Hospital Ltd, Tambaram",hospital,12.929761,80.1200478
Government Hospital,hospital,11.0901168,77.9609978
Shriram Hospital,hospital,10.785666,78.669549
"Government Hospital, Velur",hospital,11.1087158,78.0089834
Paramathi velur police station,police,11.1098949,78.0096057
Jedarpalayam Police station,police,11.1496887,77.8921407
Nivas Skin Clinic,hospital,13.0289663,80.2085951
Kangeyam Police Station,police,11.0011411,77.562688
,police,10.3828047,78.8189833
Devadoss KHMS Hospital,hospital,10.2436905,77.4947392
T-11 Tiruninravur Police Station,police,13.1251137,80.0286037
ESI Hospital,hospital,11.0092807,77.0240486
,fire_station,12.2959669,78.074067
Vasan Eye Care-Dharmapuri,hospital,12.1326054,78.1630215
,hospital,12.1322343,78.1629546
Supa Hospital,hospital,12.1325709,78.1625215
K.S. Hospital,hospital,12.1324134,78.1620136
,hospital,12.132683,78.162997
Government Hospital Palacode,hospital,12.2964824,78.0761735
,police,12.3065121,78.0736555
,hospital,10.9622725,78.0804871
,hospital,11.3405723,77.7188786
TCR Multi Speciality Hospital,hospital,12.5088183,78.2237657
,hospital,12.3015795,78.0753942
,hospital,12.1192928,78.1569014
,hospital,12.1325028,78.1626956
,hospital,12.5247552,78.2020299
Vsm Hospital Atho And Maternity Centre,hospital,11.3374641,77.7117842
,hospital,12.126846,78.1583727
,hospital,12.9231694,79.2749737
bhagirathi hospital,hospital,11.0794799,76.9409445
,police,10.5562871,77.364906
"Government Hospital, Udumalpet",hospital,10.5836488,77.247474
,hospital,10.5816191,77.2485965
"Saravana Hospital, Udumalai",hospital,10.5829234,77.2490212
"Government Hospital, Dharapuram",hospital,10.7326791,77.5304679
,hospital,10.7965163,77.7187072
,hospital,11.350096,77.7325083
ARC Hospital,hospital,11.0056814,77.562434
Child Jesus Hospital,hospital,10.8051465,78.6865772
AP medical center,hospital,11.6774074,78.1425988
cumbum government general hospital,hospital,9.730261,77.2802565
Pattamadai Police Station,police,8.6671909,77.5840969
Railway Police,police,13.0341367,80.2664405
KMC Hospital,hospital,10.0692501,78.7797453
,police,12.9931857,80.2674928
Alagappapuram Police Station,police,10.0807228,78.7936167
North Police Station,police,10.0754828,78.7791774
,police,10.0790892,78.7804416
"Government Hospital Blood Bank, Rasipuram",hospital,11.4612082,78.1849249
Apollo Cancer Centres,hospital,13.0337515,80.2451004
KG Hospital Blood Bank,hospital,11.0004991,76.9716378
PSG Hospital Blood Bank,hospital,11.0184957,77.0069428
,police,10.0939554,78.7882948
A A Hospital,hospital,12.6988491,77.8108331
"UPHC Ramalinga Nagar, UKT Malai",hospital,10.815,78.6576
Raju Hospitals,hospital,13.0329888,80.230346
Raksha Hospital,hospital,9.9213756,78.1430107
Rakshith Hospitals,hospital,13.042307,80.177473
"Holy Cross Hospital, Erode",hospital,11.492577,77.1374278
K. B. Hospital,hospital,12.1327051,78.1612833
Dr. A. L. Annamalais Ent Care Centre,hospital,12.9439622,80.1388438
Bensam Hospital,hospital,8.1896693,77.4121463
Ar-Rahaman Hospital,hospital,12.6829859,78.6201891
Sri Kalyan Hospital,hospital,13.0063976,80.2507134
Manjarai Hospital,hospital,9.8811644,78.0573799
Sri Gokulam Hospital Pvt Ltd,hospital,11.6725694,78.1337169
Jj Hospitals,hospital,10.3657911,77.9813661
A G Chrompet Health And Maternity Centre,hospital,12.9504411,80.1438314
Bethel Hospital Pvt. Ltd. - Coimbatore,hospital,11.0187223,76.9612328
"Park Hospital, Coimbatore",hospital,11.0419411,77.0379131
Sen Hospital,hospital,13.1105649,80.2418775
"Thangam Hospital, Kanniyakumari",hospital,8.1774741,77.432342
K. R. Hospital,hospital,11.3982544,79.6875152
"Srinivasa Hospital, Sirumugai",hospital,11.3218786,77.0092678
Bharani Paventhan Multi Speciality Hospital,hospital,11.3358357,77.7081187
Billroth Hospitals,hospital,13.0757435,80.2272588
Sri Chakra Hospital,hospital,11.4544464,77.4228363
S M R Hospital,hospital,10.1117213,78.5880482
Arokya Hospital,hospital,10.2859829,79.2044896
Mano Hospital,hospital,12.9223261,80.0961417
Cauvery Trust Hospital,hospital,13.1026603,80.2112943
Kedar Hospital,hospital,13.0229098,80.1670808
Amaravathi Hospital,hospital,10.9602192,78.0684534
Sea Horse Hospitals Ltd.,hospital,10.8018429,78.6801137
Srinivas Eye Hospital,hospital,13.0829726,80.1796965
Soundarapandian Bone and Joint Hospital Research Institute Pvt. Ltd.,hospital,13.0835957,80.2156462
Dr. U. Mohan Rau Memorial Hospital - Chennai,hospital,13.079494,80.2572808
Latha Eye Hospital,hospital,11.2185689,78.1719035
"Suresh Hospital, Pudukkottai",hospital,10.3904087,78.8030306
City Hospital,hospital,11.3451151,77.7300887
Vijayakumar Hospital,hospital,8.2875989,77.2692463
"Vijaya Hospital, Virudhunagar",hospital,9.5049078,78.1032523
Vijaya Hospital,hospital,11.5051709,77.2480971
"Vijaya Hospital, Salem",hospital,11.6678019,78.1506725
"Vijaya Hospital, Ootacamund",hospital,11.4097786,76.7094318
"Vijaya Hospital, Madurai",hospital,9.9340044,78.0917959
Chellam Hospital,hospital,11.6698836,78.1559497
Chennai Cancer Care,hospital,13.0762935,80.234026
Chennai Eye Care Hospital,hospital,12.9789449,80.2246302
Chennai Heart Centre,hospital,13.0917939,80.2410534
Chennai Hospital,hospital,9.440617,77.5575954
Chennai Kaliappa Hospital,hospital,13.0268492,80.2558082
"Mouthi Hospital Vadavalli, Coimbatore",hospital,11.0291808,76.9019419
Mots Hospital,hospital,13.0833606,80.2341561
Moses Mathias Hospital,hospital,8.1806149,77.4189216
Mohan's Medicity Hospital,hospital,9.9358857,78.1424099
Mohanraj ChildrenS Hospital,hospital,11.6574626,78.1659812
Vasanthi Orthopaedic Hospital,hospital,13.0723588,80.2157642
Mmm Hospitals,hospital,10.8371351,78.6869453
Mithra Hospital,hospital,9.9259886,78.1409588
Meenakshi Sugam Hospital,hospital,9.8945704,78.1195521
"Vikaram ENT Hospital, Coimbatore",hospital,11.0120021,76.9494063
"R.K.Hospital, Tiruvannamalai",hospital,12.2501122,79.0714024
"R.K. Hospital, Salem",hospital,11.6746905,78.1339717
R.K. Gynaec And Maternity Hospital,hospital,13.0788127,80.2481786
R.G. Stone Urological Research Institute,hospital,13.0240792,80.2278288
R. K. Eye Centre,hospital,13.0485912,80.2311788
R. A. Hospital,hospital,10.998556,76.9918562
"R J Hospital, Tiruchirappalli",hospital,10.8153217,78.6667261
"R V Hospital, Coimbatore",hospital,11.0546916,77.0639178
R A Medical Center and Hospital,hospital,11.2976038,76.940787
Quality Care Hospital,hospital,9.9175022,78.1041764
Pushpagiri Mission Hospital,hospital,11.5055217,76.4873113
"Pushpam Hospital, Dharmapuri",hospital,11.6575598,78.1661019
"Pushpa Hospital, The Nilgiris",hospital,11.3501498,76.7998597
Psymed Hospiyal,hospital,13.0714757,80.2317998
Prn Critical Care Centre And Hospitals,hospital,11.666386,78.1493931
Priya Orthopaedic Center,hospital,10.5802376,77.2534642
Sri Padmanaba Hospital,hospital,8.1802963,77.250782
Sri Ragavendhra Neuro Care Pvt. Ltd.,hospital,11.6642728,78.1321317
Vanaja Hospital,hospital,13.1990395,80.1760313
"Vasanthram Hospital (P) Ltd.,",hospital,13.0433091,80.2187696
Vasavi Hospital,hospital,10.9927872,76.9550228
Manju Hospital,hospital,8.3062999,77.2226214
Arasan Eye Hospital,hospital,11.3464182,77.7163893
Arathana Hospital,hospital,10.6682257,77.0070174
"Leonard Hospital, Madurai",hospital,9.9487954,78.1428216
K V Hospital (Iswarya Fertility Center),hospital,10.4488063,77.52472
Deepa Hospital,hospital,11.1121508,77.3368929
"Vikram Hospital, Erode",hospital,11.3356411,77.7280569
Meenakshi Medl College Hospital,hospital,12.8725096,79.7230338
Meenakshi Hospital,hospital,9.4528638,77.7900615
Sri D.K.K. Hospital,hospital,12.8339674,79.704051
PP Hospital,hospital,11.0780799,77.8841112
"Saayi Prema, Tiruppur",hospital,11.1286682,77.3404616
Sabari Eye Hospital,hospital,11.1079081,78.0059016
"Siva Hospital, Perambalur",hospital,11.2345515,78.8711956
Kp hospital,hospital,8.9544983,77.3023286
Kovilpatti Venkateswara Hospitals (Run By Dhamayanthi Hospitals (P) Ltd),hospital,9.1657833,77.8512467
Valli Vilas Hospital,hospital,11.7501695,79.7601494
Valli Hospital,hospital,11.3338081,77.7185297
Vallalar Hospitals (Pvt) Ltd,hospital,11.0218408,76.9152537
Vadapalani Multispeciality Hospital,hospital,13.0516559,80.2133146
"Vadamalayan Hospitals, Chokkikulam",hospital,9.9428234,78.1299752
Dr Agarwal's Eye Hospital,hospital,11.9390584,79.4862851
Sri Raghavendra Eye Hospital,hospital,11.3473833,77.6929508
"Sri Ram Hospital, Tirunelveli",hospital,8.8695859,77.4940838
Sri Ram Orthopaedic Hospital,hospital,8.1659249,77.4474294
Sri Ram Hospital -Sugasthala,hospital,9.5070532,78.0953144
Sri Ramachandra Hospital,hospital,13.0378713,80.1402023
Sri Ramakrishna Hospital,hospital,12.1271589,78.1582873
"Sri Ramakrishna Hospital, Coimbatore",hospital,11.0231203,76.9776419
Sri Ramana Hospital,hospital,10.9972817,76.9598213
Sri Ramanamaharishi Eye Hospital,hospital,12.2283113,79.0639901
Sri Sakthi Hospitals And Medical Research Centre,hospital,11.1449216,78.595604
Sri Sanjeevi Hospital,hospital,11.7383707,78.9664382
Sri Saravana Hospital,hospital,11.4506202,77.6829676
"Sri Sakthi Hospital, Ganapathi, Coimbatore",hospital,11.0474918,76.9930659
Sri Shanmuga Hospital,hospital,11.3659792,77.7527426
Sri Sri Paramahansa Yogananda Hospital,hospital,10.1175212,78.6048643
Sri Sugam Hospital,hospital,11.7429821,78.0461039
Sri Narayani Hospital and Research Centre,hospital,12.8709241,79.089919
"Sri Nidhi Hospital, Namakkal",hospital,11.2255711,78.1687291
"Sri Murali Hospital, Tuticorin",hospital,9.1741944,77.8666735
Sri Maruthi Medical Center and Hospital,hospital,11.0891666,76.9384105
"M N Eye Hospital Private Limited, Tondiarpet",hospital,13.1232306,80.2876528
Team Speciality Hospital,hospital,10.3788247,78.8134383
Doctor Rexs Hospitals,hospital,13.0838812,80.2502386
S.G. Hospital,hospital,10.9610605,78.0715124
"Balaji Hospital, Anna Nagar",hospital,9.918032,78.1466813
Jagadha Hospital,hospital,10.8266431,78.6816224
Sree Vasantham Hospital,hospital,11.6420424,78.1463903
Helios Hospital Pvt Ltd,hospital,12.9855882,80.2189144
"Vasan Eye Care Hospital, Theni",hospital,10.0190208,77.47997
B G Hospital,hospital,8.5099294,78.1177631
K N Children Hospital,hospital,11.0964068,77.3495315
Lysander Hospital,hospital,9.5869307,77.9519463
Padma Hospital,hospital,8.1708572,77.4400782
Vinodh Hospital,hospital,8.3023864,77.2225758
Deepam Muthu Hospital,hospital,13.0995855,80.2605303
Amirtham Hospital,hospital,11.981994,78.248038
George Mission Hospital,hospital,8.169484,77.4365102
Devibala Maternity,hospital,12.971439,80.1378152
Vekateshwara Hospitals,hospital,8.7103302,77.7517073
St.Marys Hospital,hospital,8.2730496,77.1433876
A.S.A Hospital,hospital,12.9370042,79.1629033
S K M Siddha and Ayurvedha Hospital,hospital,11.2595707,77.7866565
S K Nursing Home Pvt Ltd,hospital,12.9289316,80.1170864
Aishwaryam Nature Cure Hospital and Yoga Centre,hospital,11.6826829,78.1758846
"K G Hospital, Karur",hospital,10.9555161,78.0771773
"Shiva Hospital, Tirunelveli",hospital,8.5134522,77.5574161
Malligai Hospital,hospital,13.1238765,80.2899749
Veeku Hospital,hospital,11.0150799,76.9517022
D.R.R. Eye Hospital,hospital,13.0459064,80.1136042
Deepam Hospital,hospital,12.9294095,80.1174378
TPN Hospital,hospital,11.3273279,77.6928516
Gvn Hospital,hospital,10.824368,78.6952212
Visaalam Hospitals,hospital,11.3651528,77.747808
Huma Specialists Hospital and Research Centre Pvt Ltd,hospital,13.0282655,80.235353
A.V. M. Hospital,hospital,8.8017177,78.1375699
Pius Hospital,hospital,8.2736826,77.1447462
"National Hospital, Erode",hospital,11.3344445,77.7181099
Divya Hospital,hospital,12.9644392,80.187601
Adi Bhagavatpada Cardiac and Dialysis Hospital,hospital,12.8396162,79.7035508
"Vasan Eye Care Hospital, Tirunelveli",hospital,8.7331477,77.7220957
Anandh Hospital,hospital,9.3705264,78.8337466
"Vasan Eye Care Hospital, Srirangam",hospital,10.8566222,78.6919583
"Vasan Eye Care Hospital, Karur",hospital,10.9608117,78.0665959
Sree Mohan Hospital,hospital,10.0088516,77.4800089
"Vasan Eye Care Hospital, Thanjavur",hospital,10.7800915,79.1395774
"Vasan Eye Care Hospital, Thirunagar,Madurai",hospital,9.8809556,78.0624036
Noor`S Hospital,hospital,13.1418442,80.2485046
"Vasan Eye Care,Annamalai Nagar",hospital,10.8281504,78.6848478
"Vasan Eye Care Hospital, Pudukkottai",hospital,10.3872777,78.823003
"Vasan Eye Care Hospital, Pollachi",hospital,10.6643938,77.0057119
"Vasan Eye Care Hospital, Perambur",hospital,13.1177888,80.2287099
"Vasan Eye Care Hospital, Ramanathapuram",hospital,9.3674301,78.8297032
Pranav Clinic,hospital,11.0631074,76.9985509
Garnett Memorial Eye Hospital,hospital,11.3020423,76.9400816
Devadoss Multispeciality Hospital,hospital,9.9579038,78.1541292
Sri Sai Krs Hospital,hospital,13.0379757,80.2162984
Grace Medical Centre,hospital,13.1197159,79.9132325
Grace Hospital and Nursing Home,hospital,8.3321736,77.1732165
Grace And Compassion Hospital,hospital,12.2360625,79.0811013
Gowtham Hospital,hospital,10.962127,76.9556397
"Gowri Nursing Home, Kanchipuram",hospital,12.9779713,80.1883923
Good Shepherd International School Hospital,hospital,11.3732749,76.6713551
Gomathi Hospital,hospital,9.5073469,78.0926912
Christudas Orthopaedic Speciality Hospital,hospital,12.9214137,80.127482
Satish Eye Hospital,hospital,13.0813959,80.2469972
Kamala Mother and Child Hospital,hospital,10.3781545,77.9667963
"St Lukes Hospital, Coimbatore",hospital,11.0335424,77.0376261
"Bharathi Hospital, Rajapalayam",hospital,9.4415754,77.557797
"A.K. Hospital, Chennai",hospital,13.0741442,80.220515
Gajanan Hospitals Pvt Ltd,hospital,12.9264396,80.1117714
Ammayi Eye Hospital,hospital,13.0331935,80.2159045
K.M. Speciality Hospital,hospital,13.0379671,80.2013517
G.D Hospital,hospital,11.0961997,79.6446992
G.K Hospital,hospital,12.9596389,79.2987596
Subha Hospital,hospital,13.1113868,80.2923493
"Golden Hospital, Ariyalur",hospital,11.1408202,79.0755303
Gnanadurai Hospital,hospital,9.4513319,77.7946226
Global Medical Center,hospital,11.6867049,78.1186697
I Care Eye Care Eye Institute,hospital,12.943659,80.1437791
"St. Luke Hospital, Kanniyakumari",hospital,8.2439412,77.174223
Radhatri Nethralaya,hospital,13.0339283,80.2394965
E.S. Hospital,hospital,11.9365519,79.4849506
Sayee Hospitals,hospital,12.8881721,80.0259362
P.G.Hospital,hospital,11.3573296,77.1656985
Giri Hospital,hospital,9.45035,77.7961647
"S M Hospital, Chennai",hospital,13.0400969,80.2044211
Santhi Hospital & Santhi Jananam Fertility Centre Hosur,hospital,12.7488623,77.8058879
Cu Shah Sankara Netralaya,hospital,13.0012687,80.2001283
"Dr Agarwal's Eye Hospital, Vannarpet",hospital,8.726199,77.7220716
N.M. Hospital,hospital,10.9981558,76.9994865
Kumaravel Hospital,hospital,8.1740293,77.4348626
Aashiana Hospital,hospital,13.0924039,80.2090184
Vivekananda Eye Hospital,hospital,12.2252823,79.0812448
Cethar Healthcare Services Private Limited.,hospital,10.8239853,78.684353
Sri Guru Hospital Pvt Ltd,hospital,11.0264336,76.9423118
Ananthagiri Hospital,hospital,10.8261601,78.6850718
"Ayesha Hospital, Kilpauk",hospital,13.0847009,80.2498054
Frontline Eye Hospital,hospital,13.0323531,80.2517212
Friends Eye Hospital,hospital,10.8128412,78.6744489
Fousiya Hospital,hospital,13.0477722,80.2744473
Dr Issac Bone Speciality Hospital,hospital,8.3087934,77.2174005
Dr. G. Viswanathan Speciality Hospitals,hospital,10.824096,78.6999379
Hande Hospital,hospital,13.0764653,80.2274586
Hameed Hospital,hospital,12.2238314,79.0676714
Habiba Speciality Hospital,hospital,9.9190228,78.154154
H. S. Hospital,hospital,11.0418035,76.9477855
Gv Ortho Centre,hospital,9.4532978,77.5571707
Dr Gurusekaran Hospital Pvt Ltd,hospital,13.0374924,80.2381137
Guna Sundari Bose Hospital,hospital,9.914115,78.1333159
Gugan Hospital,hospital,10.9601178,78.0691481
Grace Multipeciality Hospital,hospital,12.9569773,80.1867561
Cauvery Hospital,hospital,8.7336063,77.7231109
G.V.N. Insitute Of Medical Sciences Dr. Pankajm Si,hospital,10.8529238,78.7021722
G.V Hospital,hospital,11.1038785,79.6508682
G. R. Hospital & Fertility Centre,hospital,12.9952982,80.2068955
G.K.M. Surgical Hospital,hospital,10.7885019,78.6666074
G V Jayam Hospital,hospital,11.6688355,78.1812698
G K M Hospital Pvt Ltd,hospital,13.0899919,80.2585199
Abdul Khadir Hospital,hospital,8.1614014,77.4439332
Star Hospitals,hospital,9.4517764,77.793484
Starlight Hospitals Pvt Ltd,hospital,12.9864526,80.2601581
Kaliappa Renal Center,hospital,13.0274616,80.2566481
K P Childrens Hospital And Neuro Centre,hospital,12.9911179,80.1986745
Hariharan Hospital,hospital,11.4523578,77.4299287
"Harshitha Hospital, Virudhunagar",hospital,9.8724258,78.1086101
"Kalyani Gajendran Hospital, Thirupathur",hospital,12.4930484,78.5680725
Kalyani Kidney Care Centre,hospital,11.3383604,77.7080879
"Mangalam Hospital, Tiruvallur",hospital,13.050709,80.0960022
Arul Siddha Clinic,hospital,11.3241935,77.7415856
Ayur Kshetra ( A Unit Of Institute Of Ayurvedic Research Pvt Ltd),hospital,13.0760812,80.2107431
Kanagamani Hospital,hospital,9.3645309,78.8327032
"Malar Hospital, Muthur",hospital,11.0438049,77.7361156
Krishna Eye And Ent Hospitals,hospital,13.0343985,80.2339764
Vishnu Eye Clinic and Laser Foundation,hospital,13.0842894,80.2230605
Dr Agnes' Joseph Hospital,hospital,8.7249749,77.7309939
Amudha Poly Clinic & Hospital,hospital,11.5053476,77.2466406
Ramamurthy Hospital,hospital,8.1778783,77.4311853
Amba Hospital,hospital,9.9498205,78.1273808
Kanaga Hospital,hospital,13.0099884,80.1223294
Amar Speciality Hospital,hospital,9.5048721,78.1029144
"Santhigiri Ayurveda and Siddha Hospital, Chennai",hospital,13.0476871,80.2646568
Alamelu Balaji Hospital (P) Ltd. - Tirupur,hospital,11.1139918,77.3222896
Alagananda Hospital,hospital,11.7199308,79.7694708
Akshayaa Hospitals,hospital,9.9372291,78.1255804
Vijaya Heart Foundation - Vijaya Hospital,hospital,13.054729,80.2110462
Santhosham Hospital,hospital,10.5826962,77.2531664
Santhya Hospitals,hospital,9.9325924,78.1095073
Vijaya Hospital,hospital,10.3711985,77.970941
Santosh Hospital Pvt Ltd,hospital,12.995229,80.2691898
Dr. Agarwal's Eye Hospital Ltd. - Erode,hospital,11.3421842,77.7173066
Dr. Agarwal's Eye Hospital,hospital,13.1162231,80.0967247
"Dr. Agarwals Eye Hospital , Dharmapuri",hospital,12.1252773,78.1582779
"Dr.Agarwal's Eye Hospital Ltd., Anna Nagar",hospital,13.0847414,80.2219681
Athipathi Hospital and Research Centre,hospital,12.9762711,80.2222002
Aswin Hospitals,hospital,10.3612503,77.9830089
Sanjay Surgical Hospital,hospital,10.4542017,77.5138074
"Dr. Agarwals Eye Hospital Ltd., Krishnagiri",hospital,12.5202697,78.2189856
"Giri Thangam Hospital,Colachal",hospital,8.1799777,77.2625837
Dr. Anto Ent Head and Neck Hospital,hospital,8.188014,77.427046
Girishwari Hospital Pvt Ltd,hospital,13.0349787,80.2519137
Gitanjali Medical Center - Tiruchirapalli,hospital,10.8139583,78.6750819
Gl Hospital,hospital,11.6742597,78.1379092
Vedanayagam Hospital (P) Limited,hospital,11.0144375,76.9504979
"SKS Hospital, Perambalur",hospital,11.235246,78.876029
Sri Kumaran Multi Speciality Hospital,hospital,13.1152895,80.2923614
Sri Kumaran Hospital,hospital,12.9278474,80.1118621
Dr. J. Mathias Hospital,hospital,8.1807489,77.4186011
Ezhilarasu Children and Specialities Hospital,hospital,8.1803507,77.4370171
Dr. Arvind Vision Care,hospital,13.0840124,80.1691809
Dr.K.M. Nallaswamy Hospital,hospital,11.3367022,77.7184211
Dr. K Ravi Eye Care,hospital,13.0407013,80.2618016
"SKS Hospital, Chennai",hospital,13.0896987,80.1877418
"Vidya Hospital, Salem",hospital,11.6612361,78.1534365
Dr. K.K. Surgical and Paediatric Centre Pvt Ltd,hospital,12.9220372,80.1382443
"SKG Hospital, Madurai",hospital,9.8277052,77.9897976
Siva Meds Multispeciality Hospital,hospital,10.6633006,77.0100774
VGM Hospital,hospital,10.9986666,77.0143291
"Vidhya Hospital, Theni",hospital,10.0006289,77.467711
"Venkateswara Hospital, Madurai",hospital,9.9256637,78.1327808
Venkateshwara Hospital,hospital,10.0070845,77.3463812
Madras Ent Research Foundation,hospital,13.0268688,80.2541439
"Krishna Hospital, Nagapattinam",hospital,11.0971261,79.6534498
St. Joseph's Speciality Hospital,hospital,11.761611,78.0522344
Dr. Muthu's Ortho Centre-Coimbatore,hospital,11.0026291,77.0406497
Dr. Murugesan Hospital,hospital,11.736166,78.9650072
Dr. Mohans Mv Diabetes Specialities Centre - Chennai,hospital,13.0541946,80.257671
Dr. Ramadoss Hospital,hospital,12.2292995,79.6496719
Dr. Nambiyappan Hospitals,hospital,8.7282285,77.7232289
Chettinad Super Speciality Hospital,hospital,12.9109406,80.228211
Dr.Bhats Eye Hospital,hospital,13.1175413,80.1539406
Jayasankara Hindu Mission Hospital,hospital,11.9389551,79.4898878
Surya Multispeciality Hospitals Ind Pvt Ltd,hospital,12.7329337,77.8259093
Sri Jothi Hospitals,hospital,11.3217208,77.7275956
Sree Abishek Hospitals,hospital,11.0430968,76.9241157
Arul Mission Hospital,hospital,8.3982553,77.6156697
"Surya Hospital, Namakkal",hospital,11.2178506,78.1660375
Nithya Hospital,hospital,12.1244251,78.1587231
Sree Andal Hospital,hospital,11.0560065,77.0164575
Nithish Ge And Multi Speciality Hospital,hospital,11.6636554,78.1457305
"Nishant Hospital, Erode",hospital,11.3365931,77.7179866
Lifeline Rigid Hospital,hospital,13.0780204,80.2336988
"A.J. Hospital, Tirunelveli",hospital,8.7195843,77.7321111
Dr. Srinivasan Hospital,hospital,11.1008372,79.6522669
Dr. Soodamani Hospital,hospital,11.6757031,78.14473
Dr. Seshiah Diabetes Research Institute and Dr. Balaji Diabetes Care Centre,hospital,13.0748591,80.2299839
Dr. Ramaswamy Hospital,hospital,11.4249065,77.5535658
Dr.Kamakshi Memorial Hospital,hospital,13.0022187,80.2520867
Dr.Duraiswami Eye Hospital,hospital,13.034051,80.2279374
Dr. Chidhambaram Memorial Hospital,hospital,9.906092,78.1074862
Dr.A. Ansari Hospital,hospital,10.7660855,79.8407257
Dr.Agarwals Eye Hospital - Velacherry,hospital,12.9832366,80.217509
"Dr.Agarwal's Eye Hospital Ltd, Nanganallur",hospital,12.9827844,80.1891661
"Dr.Agarwal Eye Hospital, Neyveli",hospital,11.5380531,79.4828224
Dr. Udhaya Rajas Dental Centre,hospital,13.0465492,80.2422899
"Priya Hospital, Dindigul",hospital,10.4485636,77.5314268
Kohila Hospital,hospital,10.0297813,77.4810764
National Institute Of Siddha Department Of Ayush,hospital,12.9393262,80.1279768
"AG Eye Hospital, Puthur",hospital,10.8118335,78.6801553
Dhanvantari Eye Care,hospital,13.0973284,80.1942193
Sri Bala Nursing Home,hospital,13.1183119,80.2318051
Universal Hospital,hospital,11.3411046,77.7185217
"Anand Hospital, Chennai",hospital,13.1638346,80.2581659
Lakshmi Hospital,hospital,13.0314888,80.2218689
Sabeena Hospital,hospital,8.706572,77.7257247
Janet Hospital,hospital,10.8142797,78.6801285
Nanthini Hospital,hospital,12.9326457,80.2320063
The Arya Vaidya Chikitsalayam and Research Institue,hospital,10.9958401,76.9915813
B.M. Silver Jubilee Multi Speciality Hospital,hospital,12.9646856,80.1522294
Bharathirajaa Hospital and Research centre,hospital,13.0480981,80.245015
Be Well Hospitals,hospital,10.3763697,78.8247525
Beent Hospital,hospital,12.6882286,79.9789613
Bejan Singh Eye Hospital,hospital,8.189007,77.4150471
Bethany Health Care Centre,hospital,13.0699812,80.2444142
Bethesda Hospital and Child Care Centre,hospital,12.9217796,80.1450997
Bgm Hospital,hospital,9.9662327,78.1359941
Bhagwan Mahaveer Eye Hospital,hospital,13.1105084,80.2917197
Bharath Hospital,hospital,12.9823277,80.1937835
"Bharathi Hospital, Salem",hospital,11.6492647,78.1204131
Bharathi Mission Hospital,hospital,10.3553612,77.9790004
Joseph Eye Hospital,hospital,11.2353342,78.8724804
Snr Eye Hospital,hospital,10.5858983,77.2529264
"Ls Hospital, Thirupathyur",hospital,12.4921698,78.567654
Andrews Hospital,hospital,9.9396359,78.1278871
Trinity Acute Care Hospital - Chennai,hospital,13.0382607,80.2582785
"Vinayagam Laser Hospital, Madurai",hospital,9.9211827,78.1160666
Csi Jayaraj Annapackiam Mission Hospital,hospital,8.7188725,77.7363248
Be Well Hospital,hospital,8.7877394,78.1408328
Balasundaram - Shyamala Hospital,hospital,8.1867941,77.4352831
Balamurugan Hospital,hospital,11.7383812,78.9767271
Balamani Hospital,hospital,10.3872105,78.8210048
Balakrishna Eye Hospital,hospital,13.0274436,80.2269866
"Balaji Hospital, Thuraiyur",hospital,11.1461716,78.5937211
Balaji Hospital (Multi Speciality Hospital Chengalpattu),hospital,12.6885223,79.9820948
Dr Rabindran's Health Care Center,hospital,13.1190773,80.1504859
Babu's Maternity Hospital,hospital,12.9294917,80.1194769
Babu Hospital,hospital,8.3422875,77.2150375
B.S.S. Hospital,hospital,13.026013,80.2655232
B.S. Hospital,hospital,12.9343227,80.1384374
B.R.S. Hospital Pvt. Ltd.,hospital,13.0519442,80.2454831
"B.R.Hospital, Tiruttani",hospital,13.1775621,79.6115074
Ppk Hospital,hospital,8.306568,77.2225048
"Krithika Hospital , Tiruppur",hospital,11.0958666,77.337589
Harvey Healthcare Limited,hospital,13.037303,80.2558136
"Chitra Hospital, Virudhunagar",hospital,9.4444885,77.5519471
Chitra's Ent Laser Hospital,hospital,13.0518247,80.2476483
"Christian Hospital, Theni",hospital,10.1199465,77.5498281
"City Hospital, Miller Puram",hospital,8.7960917,78.1250815
City Hospital,hospital,10.372647,77.9877242
Ck Hospital,hospital,11.3326562,77.7282011
Cm Hospital,hospital,11.2136963,78.1680022
Csi Multi Speciality Hospital,hospital,12.8353173,79.7070212
Kps Hospitals Pvt Ltd,hospital,11.3003873,76.9402459
Sri Vasavi Hospital,hospital,12.2289221,79.0661976
Kovai Ent Hospital and Research Centre,hospital,11.041741,76.9835246
Kovai Diabetes Speciality Centre and Hospital,hospital,11.0159329,76.9613153
Kottakkal Arya Vaidya Sala,hospital,13.0395483,80.2313016
Koushikha Hospital,hospital,10.9589868,76.9788824
JSP Hospital,hospital,12.6976172,79.972524
Parkkavan Hospital,hospital,10.8761608,78.7073864
Vasantham Hospital,hospital,8.1865393,77.4292481
Thayammal Hospitals,hospital,11.6237472,78.1177631
"Rohit Hospital, Tiruvallur",hospital,13.1512288,80.2998984
"Kiruba Hospital, Mettupalayam",hospital,11.2998948,76.9330971
Jcb Hospitals,hospital,10.3663722,77.9774366
Je Nesam Hospital,hospital,13.0405732,80.2146873
Chennai Meenakshi Multispeciality Hospital Ltd,hospital,13.0376198,80.2619625
Chennai Skin Foundation and Yesudian Research Institute,hospital,13.0210394,80.2592924
Chidambaram Hospital,hospital,8.3321961,77.8637297
Cheran Hospital,hospital,11.3680302,77.7481976
Chettinad Hospital,hospital,12.7971558,80.2175961
Jeeva Hospital,hospital,12.523671,78.2175399
Chinnammal Ent Hospital,hospital,13.0459338,80.1131429
Jeganath Hospital,hospital,10.3663887,77.9756235
Dr.Mu.Va.Hospital,hospital,13.0743327,80.228278
Chinniampalayam Venkateshwara Hospital,hospital,11.0545152,77.0652106
Cholayil Sanjeevanam Ayurveda,hospital,13.0844527,80.1798642
Adithya Netharalaya,hospital,10.0846585,78.7797806
"Vandana Hospital, Tiruvallur",hospital,13.1456863,80.2927141
Rohini Hospital,hospital,10.7686164,79.1312465
Dr.Morris Mathias Hospital,hospital,8.180425,77.4192689
Swathi Hospital,hospital,11.1074356,79.6488243
Mysaan Hospital,hospital,13.0641326,80.2705644
V H M Hospitals Pvt Ltd,hospital,13.0462892,80.1979979
Tilak Hospitals,hospital,10.8264703,78.6795866
Robin and Robin Health Care,hospital,13.0807741,80.1989025
Rishi Nethralaya,hospital,11.6644593,78.1583409
Richmond Hospital,hospital,10.9946605,76.9793813
N.V.K Hospital,hospital,10.5357363,79.635931
"Ponni Hospital, Coimbatore",hospital,10.9955604,77.2887151
K. M. T. Hospital,hospital,8.5571707,78.1214981
Razack Hospital,hospital,8.5663079,78.1125006
West Madras Medical Centre,hospital,13.0850496,80.215956
Rengasamy Nursing Home,hospital,8.8085138,78.1466947
Rayen Eye Hospital,hospital,8.8023134,78.1505256
"Nirmala Hospital, Kanniyakumari",hospital,8.2432633,77.2432845
"Kauvery Hospital, Chennai",hospital,13.0390564,80.2568208
Rathna Memorial Hospital,hospital,8.2875497,77.2709548
Ranm Malathy Vijayakumar Hospital,hospital,11.3413334,77.708922
Rathi Med Speciality Hospital,hospital,13.0916495,80.2179844
P.S.Medical Trust Hospital,hospital,8.1878932,77.3072706
Rani Hospital,hospital,11.5810663,77.5879236
S.R. Hospital and E.N.T. Research Foundation,hospital,11.7559788,79.7613363
Rajeev Hospital,hospital,9.9235804,78.1428887
Velnath Maternity Home,hospital,12.7353452,77.8261929
"Ranga Hospital, Velandipalayam",hospital,11.0290235,76.932096
Rao Hospital,hospital,11.018513,76.9445555
"Velan Eye Hospital, Karur",hospital,10.958975,78.0739935
Vellore Eye and Dental Hospital,hospital,12.9310563,79.1554011
Rana Maternity Hospital,hospital,10.8269425,78.6845246
Ramya Hospital,hospital,9.4507485,77.5576615
"Joseph Hospital, Coimbatore",hospital,11.017244,76.9990446
Ramvel Hospital,hospital,11.01362,77.0222618
Santhi Hospital,hospital,12.9507835,80.255186
Ramanie Hospitals,hospital,9.898954,78.1197037
Ramana Maharishi Rangammal Hospital,hospital,12.2260242,79.0262166
Ars Hospitals - Tirupur,hospital,11.0880071,77.3469948
Arul Hospital,hospital,10.8099708,78.6794391
Arul Medical Center,hospital,9.3616456,78.8456006
"Dr Agarwals Eye Hospital Ltd, Hosur",hospital,12.7405888,77.8205797
Dr Agarwals Eye Hospital Ltd,hospital,13.1294292,79.9098006
"Suriya Hospital, Tiruvallur",hospital,13.1311793,79.9093902
"Suriya Hospital, Coimbatore",hospital,11.30192,76.9400722
"Supa Hospital, Coimbatore",hospital,11.3053984,76.9361427
Sunder Eye Hospital,hospital,13.08497,80.2159721
P K Hospital,hospital,11.4175923,77.5640962
L.V.S. Eye Hospital,hospital,11.3385839,77.7156597
Sagayamatha Hospital,hospital,11.338505,76.7940474
Sri Hari Sakthivel Hospital,hospital,11.3526901,77.7323055
Laksha Hospital,hospital,13.0435469,80.2636349
"Lake View Hospital, Tiruvallur",hospital,13.1368213,80.2087516
Lakshmana Hospital,hospital,9.8983423,78.0904515
Narayanaa Hospital,hospital,13.0893773,80.2547595
Nalam Medical Center and Hospital,hospital,12.9346861,79.1536966
NN Hospital,hospital,12.9300969,80.1188466
Nova Hospital,hospital,10.7800994,79.1325876
Janamma Hospital,hospital,13.0269457,80.2623196
Jamia Darussalam Hospital,hospital,12.8411735,78.7103744
"James Hospital, Colachel",hospital,8.1804702,77.2620539
J.S. Hospital,hospital,12.7995425,80.0237341
"J.K. Hospital, Madurai",hospital,9.9526208,78.1483778
"Noble Hospital, Chennai",hospital,13.0821536,80.253244
Ns Hospital,hospital,9.9046982,78.0974132
"J.K. Hospital, Chennai",hospital,13.1354513,80.2934799
J. K. Hospital,hospital,8.1962016,77.4281149
J. J. Hospital,hospital,12.6868496,79.9800503
"J S Hospital, Dharmapuri",hospital,11.6739064,78.1521557
Irudayam Hospital,hospital,8.1672883,77.4334833
Irene Hospital,hospital,8.1796259,77.4200414
Infant Jesus and Jesus Vineyard Hospitals,hospital,9.9113077,78.1234387
"Indira Hospital, Namakkal",hospital,11.1119586,78.0050232
"Indira Hospital, Madurai",hospital,9.9671995,78.1370629
Indira Eye Hospital,hospital,13.0222055,80.2622388
Indian Hospitals,hospital,13.0766658,80.2057502
Inba Hospital,hospital,8.1838777,77.4110815
Immaculate Conception Convent Hospital,hospital,10.9943683,76.9642074
"Vasan Eye Care Hospital, Madurai",hospital,9.9286096,78.0955034
Pioneer Hospital,hospital,9.3649239,78.8237809
Shenbagam Hospitals Pvt. Ltd,hospital,9.9647031,78.157669
Dharan Hospital,hospital,11.6252302,78.1451753
Diabetes Research Centre and M.V.Hospital For Diabetes,hospital,13.1119458,80.2952072
Pks Hospital,hospital,11.6566706,78.1692682
"Vasan Eye Care Hospital, Neelankarai",hospital,12.9504267,80.2551001
"Vasan Eye Care Hospital, Pachaiyappan",hospital,12.8308723,79.7032356
"Vasan Eye Care Hospital, Paramakudi",hospital,9.5401769,78.5915056
"Vasan Eye Care Hospital, Perambalur",hospital,11.2377085,78.8652733
"Vasan Eye Care Hospital, Namakkal",hospital,11.216301,78.1717694
"Subam Hospital, Tiruvallur",hospital,13.12374,79.9112396
Vaani Hospital,hospital,9.5071604,78.0980019
Apollo First Medical Foundation,hospital,13.0776912,80.2459216
CARE AKPS Hospital,hospital,9.5862332,77.9605186
Justin Hospital,hospital,8.3618669,77.2943813
Josephs Nursing Home,hospital,13.0739408,80.2357346
Joseph Sahayam Hospital,hospital,8.1794691,77.4331697
Jip Diabetic and Heart Care Centre,hospital,12.9548325,80.141636
Jeyan Hospital,hospital,9.9171707,78.1345712
Jayam Polyclinc,hospital,12.9958562,80.2603345
Jayadev Polyclinic Hospital,hospital,13.0778545,80.2415295
Jayaa Hospital,hospital,11.3848223,77.9021886
"Jaya Hospital, Arcot",hospital,12.9046961,79.3203543
"Jaya Hospital, Chennai",hospital,12.9701785,79.9520655
Jawahar Trauma Care Centre,hospital,9.4531311,77.5571077
"Jawahar Hospital, Kanchipuram",hospital,12.9335502,80.123004
Kummaran Eye Speciality Centre,hospital,13.0600349,80.2302911
Kvt Health Centre,hospital,13.1282303,80.2421558
"Kurinji Hospital, Salem",hospital,11.6771806,78.1351224
Shanthi Hospital,hospital,8.3088849,77.2124518
L.R. Hospital,hospital,11.8703354,78.0844554
Kumaran Hospital,hospital,9.4787122,77.8100306
Erode Trust Hospital,hospital,11.3399422,77.7134188
Erode Kidney's Centre,hospital,11.3383801,77.7164201
Satya Sai Ent Head and Neck Hospital,hospital,11.664806,78.1466813
Ezhil Surgical and Maternity Hospital,hospital,11.1367898,79.073917
Ezhil Hospital,hospital,13.1302259,80.2916855
Erode Ortho Centre,hospital,11.3294487,77.7230172
Dr Agarwals Eye Hospital,hospital,10.8238984,78.6866945
Essvee Hospital,hospital,13.1232006,80.1461421
A.R. Hospital (P) Ltd,hospital,9.9363004,78.1454006
Premier Health Center,hospital,13.0842489,80.220851
Erode Cancer Centre,hospital,11.313682,77.6686621
Kasi Speciality Hospital,hospital,10.1606944,77.756153
Vasantha Subramanian Hospitals Pvt Ltd,hospital,13.0731975,80.2527237
"Vasan Eye Care Hospital, Tirupur",hospital,11.127834,77.3415747
"Vasan Eye Care Hospital, Tiruvallur",hospital,13.0498729,80.0922444
Emmanuvel Hospital,hospital,11.5063418,77.2470483
"Vasan Eye Care Hospital, Tondiarpet",hospital,13.1109009,80.2812195
"Vasan Eye Care Hospital, Vellore",hospital,12.9088334,79.1316354
Madras Poly Clinic and R.R. Scan,hospital,13.0461063,80.2220044
"Vasan Eye Care Hospital, Valasaravakkam",hospital,13.0411063,80.1747546
Edison Hospital,hospital,8.4930872,78.1170335
Elangovan Hospital,hospital,10.4271181,79.3177593
Logidasan's Hospital,hospital,13.11005,79.9113858
Lister Hospital,hospital,8.305988,77.2230265
Life Medhospital,hospital,13.0535505,80.2576911
"Leonard Hospital, Dindigul",hospital,10.1654928,77.7606592
"Laxmi Hospital, Villupuram",hospital,11.938648,79.4854635
"Lavanya Hospital, Udumalai",hospital,10.5819579,77.2491994
S.K.V. Hospital,hospital,9.9263044,78.1001759
"S.M. Hospital, Sivaganga",hospital,9.9498812,78.8201947
Vinayaka Misson Hospital,hospital,11.658013,78.1665941
"K.M. Hospitals, Chennai",hospital,13.0884107,80.2421169
Deepa Kannan Hospital,hospital,10.9632435,78.0752125
Duraisamy Hospital,hospital,11.3391625,77.7187054
Zubeda Hospitals Ltd.,hospital,13.0741955,80.2357775
Dr.Y.Mahadeva Iyers Sri Sarada Ayurvedic Hospital,hospital,8.2873215,77.4421522
Dr.Thangamma Nursing And Paramedical College Hospital,hospital,12.508895,78.5705602
Sarvana Hospital Pvt. Ltd.,hospital,11.6624826,78.1715561
Madurai Institute Of Orthopaedics And Traumatology,hospital,9.938023,78.1455106
"Royal Hospital, Thanjavur",hospital,10.7881541,79.1351411
Dr.Vas Hospital For Eye and Children,hospital,10.823735,78.6836649
"Dsk Hospital, Tiruppur",hospital,11.102044,77.3692605
Selva Hospital,hospital,9.5413702,78.5910978
RR Multispeciality Hospital,hospital,13.0584745,80.2740124
Dr.Sivakani Hospital Pvt Ltd,hospital,10.5809554,77.2461377
Sudharsana Hospital,hospital,10.8216888,78.6675935
Neuroscience Hospital,hospital,9.9841405,78.1435874
"R.V. Hospital, Kanniyakumari",hospital,8.3227163,77.189696
V.P.N. Eye Hospital,hospital,10.7652232,79.8407981
Ganga Hospital,hospital,9.9069388,78.1015572
"S. K. Hospital, Karur",hospital,10.9621165,78.0840692
S Sm Hospital,hospital,8.9531139,77.3146145
"Padma Hospital, Tuticorin",hospital,9.1724945,77.8597601
"Padma Hospital, Pudukkottai",hospital,10.3844799,78.8218175
P.K. Hospital,hospital,10.7860529,79.1399771
P.M.K. Hospital,hospital,12.131546,78.1619069
Aravind Hospital,hospital,11.46478,78.1925941
Sabari Speciality Hospital,hospital,11.3343025,77.7187054
Agasthiyar Muni Child Care Centre,hospital,8.2169444,77.4664637
Dr.Manju Kulkarni Hospital,hospital,13.0743836,80.2367672
Shabeer Hospital,hospital,11.33529,77.7285236
Shamroth Surgical Hospital,hospital,8.234571,77.2435454
Shanmugam Surgical and Fertility Hospital,hospital,10.2834256,77.916175
Anand Elumalai Hospital,hospital,9.9107093,78.1216376
"Suriya Hospital, Tiruvannamalai",hospital,12.6669538,79.2900534
"Aarthi Hospital, Nagapattinam",hospital,11.1044378,79.6482068
Keerthana Hospital,hospital,10.7831809,79.1408978
"Vijaya Hospital, Erode",hospital,11.3343511,77.7183037
Van Allen Hospital,hospital,10.2301411,77.4935031
"Vasan Eye Care Hospital, Coimbatore",hospital,11.0091245,76.9454058
"Vasan Eye Care Hospital, Dindigul",hospital,10.3588005,77.976585
"Vasan Eye Care Hospital, Erode",hospital,11.3364301,77.7181274
"Vasan Eye Care Hospital, Gugai",hospital,11.6471454,78.1559283
"Vasan Eye Care Hospital, Kuttur",hospital,10.7990396,78.7492651
S.V. Bone And Joint Hospital,hospital,13.0473239,80.2241461
Sri Udaya Hospital,hospital,11.6560244,78.4040862
Sri G.M. Hospital,hospital,12.9652266,80.1927643
Sri Eshodha Hospital,hospital,13.0981213,80.2362643
"Dr Agarwals Eye Hospital Ltd, Indira Gandhi Road",hospital,12.8379804,79.7024471
Tirupur Medical Foundation (P) Limited,hospital,11.1090003,77.3449825
Sri Bharani Hospital,hospital,11.939107,79.4870938
Srichakara Multispeciality Hospital,hospital,12.97853,80.1851381
Dhanvantri Critical Care Center,hospital,11.3504266,77.7311274
Siddharth Maternity Centre,hospital,11.7874261,77.8011632
Sri Balaji Surya Hospital,hospital,10.735518,77.5185388
"Shivani Hospital, Ramanathapuram",hospital,9.3696226,78.8362142
Asha Surgical Centre,hospital,8.242516,77.3152046
Abhijay Hospital,hospital,13.1160177,80.2328438
Annai Velankani Nursing Home,hospital,8.7271323,77.7302402
"Ponni Hospital, Cuddalore",hospital,11.53917,79.4892611
Siranjeeve Hospitals,hospital,11.453132,77.4344382
Sisu Hospital Inida Ltd,hospital,11.6505276,78.1205003
Arvind Sai Eye Hospital,hospital,12.9731392,80.1371252
"Sinus And Nose Hospital - Mylapore, Chennai",hospital,13.0350623,80.2778479
Sindu Hospital,hospital,12.9206582,80.1434009
Sibi Hospital,hospital,12.9697917,80.1904562
Sri Venkateshwara`s C.M. Hospital,hospital,12.9857914,80.185987
Shyamala Hospital,hospital,11.5038304,77.2384974
Muthu Hospital,hospital,9.925373,78.1154416
Wellcare Hospital And Research Institute,hospital,10.8215313,78.6829026
S A Catherine Booth Hospital,hospital,8.1999913,77.4305114
"Kasthuri Hospital, Tirunelveli",hospital,8.1908826,77.7076916
Veda Maruthuvamanai Hospital,hospital,11.6956155,77.9678122
Nalam Hospital And Speciality Care Centre,hospital,10.0247431,77.4781944
"Karthik Hospital, Madurai",hospital,9.9232779,78.1442955
Srinivas Priya Hospital (P) Ltd,hospital,13.1100467,80.2466847
"Krithika Hospital , Tiruppur",hospital,11.0424742,76.9476856
V.V. Hospital,hospital,11.1049764,79.7320472
A.G.P Hospital,hospital,11.6608027,78.1554709
Annammal Hospital,hospital,8.3163348,77.2014776
Annai Saradha Hospital,hospital,8.8069785,78.1340508
Annai Perinbam Hospital (P) Ltd,hospital,10.3680667,77.979166
Annai Hospital,hospital,10.9190943,78.7399095
"Annai Hospital, Venkadesapuram",hospital,11.2352631,78.8762502
Annai Hospital,hospital,8.2342425,77.2427393
Annai Ent and Head and Neck Care Center,hospital,11.3387785,77.7149034
Annai Amaravathi Hospital,hospital,8.3843205,77.6099405
Anjugam Hospital,hospital,12.9314687,79.3293417
Anjalai Hospital,hospital,11.5579779,79.5550496
Anjakha Hospital,hospital,12.9637407,80.1880047
Angel Heart Centre,hospital,8.7312177,77.7478744
Anbu Hospital - Thanjavur,hospital,10.9609881,79.3839616
Aananthi Hospital,hospital,8.1848468,77.4345656
Ananda Ashramam Private Hospital,hospital,12.698758,77.8118142
Madhubala Hospital,hospital,8.707401,77.7484581
MVS Hospital,hospital,11.5966502,78.5904984
M.S.M. Skin and Hair Care Clinic,hospital,12.9521441,80.1438126
M.S Hospitals Senthil Nursing Home,hospital,10.8304595,78.6964899
MRS Hospital & Fertility centre,hospital,10.6647489,77.0050326
M.R. Hospital,hospital,10.7643728,79.1291155
"M.R. Hospital, Namakkal",hospital,11.4613462,78.1861702
"M.R. Hospital, Chennai",hospital,13.0725279,80.2195783
M. N. Orthopaedic Hospital,hospital,13.0810328,80.2336653
M.M. Ortho Speciality Hospital,hospital,10.959894,79.3947279
M.L. Hospital,hospital,8.167269,77.4200568
M.G. Hospitals,hospital,10.7618991,79.1371172
MG Hospital,hospital,9.3649411,78.8292164
M. V. Eye Care Centre,hospital,11.0129421,76.9629608
M V Hospital For Diabetes Pvt Ltd,hospital,13.1121574,80.2956927
M N Eye Hospital,hospital,12.996767,80.2603599
M G Diabetes Speciality and Research Centre,hospital,11.6766146,78.1422986
"Lotus Eye Care Hospital, Salem",hospital,11.6689406,78.1425789
"Lotus Eye Care Hospital Ltd, Coimbatore",hospital,11.0406116,77.0401856
London Ortho Speciality Hospital,hospital,11.6600055,78.1505008
Sri Athi Sathya Hospital,hospital,11.3392651,77.7126583
Veena Hospital,hospital,11.3367614,77.6366566
Shri Sarradha Eye Hospital,hospital,10.3792864,78.8116794
Shri Vigneshwaran Hospital,hospital,11.2833345,78.235441
"A.V. Hospital, Chennai",hospital,13.1170802,80.2864189
"Aravind Eye Hospitals, New Agraharam",hospital,10.3670328,77.9786084
Rajkumar Hospital,hospital,9.4584279,77.5546166
Shri Saradha Hospital,hospital,10.1729867,78.9964494
N. R. T. Hospital,hospital,10.0062393,77.4865535
N.R. Hospital,hospital,13.1122162,80.2309737
N.R. Medical Home Private Limited,hospital,13.0965878,80.2597135
Naarayani Hospital,hospital,11.4157401,77.5773087
Nagai Hospital,hospital,10.7569314,79.8259024
Nagamani Hospitals Private Limited,hospital,13.117412,80.289427
Nalam Hospital,hospital,10.7834523,78.703182
Nalamm Hospital Pvt Ltd,hospital,13.1184216,80.2610184
Nandalala Medical Foundation,hospital,13.0328516,80.2615173
Sri Kumaran Health Centre,hospital,13.1308907,80.2138799
Sri Sakthi Vinayaga Multispecialtiy Hospital,hospital,10.6844686,78.1144197
C S I Bellpins Indrani Chelladurai Mission Hospital,hospital,8.727172,77.7479777
"Apollo Reach Hospitals, Karaikudi",hospital,10.0715077,78.7065819
Nandha Hospital,hospital,11.0168636,76.9756664
Nandhini Hospital,hospital,12.9784706,80.2247932
Nankem Hospital,hospital,11.3448219,76.7984556
Nataraj Medical Care Center Private Limited,hospital,10.994101,76.9569379
Nathan Super Speciality Hospital,hospital,11.6743874,78.1417222
Navasuja Sankara Nethralaya,hospital,13.0265108,80.2607878
Neomed Hospital,hospital,11.6716218,78.1550612
Neomed Hospital - Chennai,hospital,13.083452,80.2030747
Neuro Center,hospital,10.8191009,78.6809117
Neuro Speciality Hospital,hospital,11.3341986,77.7187268
New Aarthy Hospital,hospital,10.8004795,78.687817
"New Balaji Hospital, Chennai",hospital,13.0316469,80.2311185
New Hope Indian Specilaity Hospital,hospital,13.0777579,80.2414826
New Hope Medical Centre Pvt. Ltd,hospital,13.0776821,80.2415201
Nichani Health Centre,hospital,13.111251,80.2940284
Niharika Hospital,hospital,11.6565971,78.3937356
Ohm Sai Hospital,hospital,9.9226596,78.1372292
Olympia Hospital,hospital,10.8161342,78.6776501
"Om Sakthi Hospital, Krishnagiri",hospital,12.5189448,78.2181743
"Om Sakthi Hospital, Madurai",hospital,9.9500318,78.1470689
Om Shakthi Hospital,hospital,13.1184222,80.1507749
Ortho One Orthopaedic Speciality Center(A Unit Of Spine Arthroscopic and Joint Replacement Center Pvt Ltd),hospital,10.9962048,77.0082217
Orthopedic and Specialities Hospital,hospital,13.0390564,80.2086724
Padma Praba Hospital,hospital,9.1738859,77.8670678
Padmalaya Medical Centre Pvt Ltd,hospital,9.9068714,78.105789
Padmapriya Hospital Pvt. Ltd.,hospital,12.9996223,80.2537027
Padmavathy Hospital,hospital,11.0427427,76.9477212
Palani Balaji Fertility Centre,hospital,13.0122123,80.2235084
Pallava Hospital,hospital,13.0420391,80.2126005
Pankajam Memorial Hospital,hospital,12.9801472,80.1835965
Apollo Childrens Hospital,hospital,13.060131,80.2523656
Anush Hospital,hospital,11.500453,77.2449535
Anuradha Maternity Centre,hospital,13.0356881,80.2337551
Anu Multispeciality Hospital,hospital,10.7749587,79.1377428
Shri Preethe Hospital,hospital,11.3385944,77.7157979
Ksdc Hospital,hospital,10.7469127,79.1143171
Shri Balaji Hospital - Chennai,hospital,13.0919709,80.2511633
Muthu Ganapathy Hospital,hospital,12.7595919,80.0053301
Ac Hospitals,hospital,11.6578435,78.1667691
Lakshmi Hospital,hospital,11.2361747,78.8720834
Aaron Hospital,hospital,8.2412837,77.238995
T M R Hospital,hospital,10.9429825,78.4158242
Shree Sathya Subha Hospital,hospital,10.3657832,77.9748677
Vishnu Ent Hospital - Coimbatore,hospital,11.0265389,76.9470734
Shree Akila Hospital,hospital,10.8494268,78.6936589
Shree Akatheeswarar Anbu Hospital,hospital,11.3573789,77.1660657
Shiva Shakthi Hospital,hospital,11.401261,76.7029676
Vino Hospital,hospital,8.7869561,78.135121
Taj Hospital and Dheep Clinic,hospital,9.9350693,78.1425132
Shifan Hospital,hospital,9.3678125,78.8362384
"Shifa Hospital, Dindigul",hospital,10.3899136,77.9614439
"Setty Hospital, Udumalapet",hospital,10.5836256,77.2482178
Shastha Dialysis Center,hospital,9.9259926,78.1588237
Sharmila Hospital,hospital,8.1991723,77.3017922
"Sankar Hospital, Tuticorin",hospital,8.620426,78.0706675
"Shanthi Hospitals, Namakkal",hospital,11.2190661,78.1685735
Mcv Memorial Ent Trust Hospital,hospital,10.6627918,76.9995756
Shantala Hospital,hospital,12.2306987,79.0783084
Sudiksha Prabhu Hospital,hospital,9.1726944,77.8648214
Shanmuga Hospital and Salem Cancer Institute,hospital,11.6770178,78.1531844
Sree Vijay Hospital,hospital,10.0345447,79.2305835
Rajammal Hospital,hospital,11.658449,78.1807762
Taj Hospital,hospital,9.5163364,77.6312392
Manickkam Hospital,hospital,11.4568944,78.1926061
Royal Priya Hospital,hospital,9.460262,77.7827606
Srm Medical College Hospital And Research Centre,hospital,12.8210402,80.0479585
Senthil Hospital,hospital,9.9483714,78.8221554
The Balakrishnan Hospital,hospital,11.0190567,76.9625585
Arputhaa Medical Care Hospital,hospital,11.2341108,78.877708
The Pollachi Cardiac Center,hospital,10.6742907,77.0081305
KDR Hospital,hospital,10.7703331,79.1334164
Syed Ammal Hospital,hospital,9.3695212,78.8327245
"Thangam, Hospital",hospital,12.1191829,78.1566752
Sree Paduka Speciality Hospital,hospital,10.8239899,78.6836898
Ashok Krishna Hospital,hospital,11.4483344,77.6856579
"Lakshmi Hospital, Salem",hospital,11.6368986,78.1508783
Teja Hospital,hospital,13.1220029,80.1469266
Tamil Nadu Urological Research Centre,hospital,13.0710341,80.222632
Sss Hospital,hospital,13.1577727,80.3018933
Pranav Hospitals Pvt Ltd,hospital,11.6693372,78.142532
Suwaathi Hospital,hospital,10.5852009,77.2538853
Thirimoorthys Heart Care Hospital,hospital,12.9673347,80.1867983
Subam Hospitals,hospital,8.1967816,77.431017
Pee Vee Hospital,hospital,11.4960866,77.2437224
Subbiah Nadar Krishnammal Selvam Hospital,hospital,11.3066497,76.9326887
Sowmiya Hospital,hospital,11.2400426,76.9619912
"Sangeetha Hospital, Coimbatore",hospital,10.963603,76.9563907
Maruthi Gastro Care Hospital,hospital,11.7610987,79.7541587
Trp Clinic Zone,hospital,10.8260119,78.6836193
"Thulasi Krishna Nursing Home, Kodambakkam",hospital,13.0517176,80.2300054
"Sugam Hospital, Tiruvallur",hospital,13.1652175,80.3032967
Rajaam Hospital,hospital,11.7212623,78.0951467
"Lakshmi Hospital, Virudhunagar",hospital,9.4409252,77.5557082
"S M Hospital, The Nilgiris",hospital,11.4103056,76.710925
Tms Eye Hospital,hospital,11.6772791,78.1536202
Arcot Hospital,hospital,11.7557149,79.761463
Dr. Agarwal's Eye Hospital,hospital,13.074266,80.2382156
C.K.R. Hospital,hospital,11.6671517,78.155776
Flemcy Gracy Hospital,hospital,8.20889,77.2698545
Selvarangam Hospital,hospital,13.0850183,80.2244673
,hospital,12.9498348,80.1690781
"Sankara Nethralaya, Chennai",hospital,13.0670837,80.2505444
Asirvatham Speciality Hospital,hospital,9.9229404,78.1381848
Deenesh Hospital,hospital,10.3585327,77.9774742
R.R. Hospital,hospital,8.8085483,78.1464869
"Arokya Hospital, Pallapatty",hospital,11.6643647,78.1301992
Royal Hospital - Chennai,hospital,13.0449677,80.1846506
Salem Gopi Hospitals,hospital,11.6745894,78.1515482
Viganesh Hospital,hospital,13.0309126,80.1715896
Sri Arungani Hospital,hospital,11.5736078,77.5826436
Sri Lakshmi Multi Speciality Hospital Pvt Ltd,hospital,12.9640779,80.2461429
Dr Agarwal Eye Hospital Ltd,hospital,13.1135903,80.2270764
Fenn Hospital,hospital,9.9344121,78.1297224
Trust Hospital,hospital,8.1848879,77.406908
Dr Loganathan Orthopaedic Hospital,hospital,11.4554834,77.6903362
Karthik Hospital,hospital,13.1665521,80.3043053
Sankaralingam Hospital,hospital,8.1753621,77.4313885
Royal Pearl Hosptial,hospital,10.8253605,78.6836918
"Priya Hospital, Coimbatore",hospital,10.9446403,76.9352093
Appusami Hospital,hospital,11.6714255,78.156175
Sudha Sunder Hospital,hospital,8.2129411,77.4318579
"Sugam Hospital, Karur",hospital,11.1066408,78.0050459
"Sugam Multi Speciality Hospital, Thanjavur",hospital,10.9598229,79.3923394
Suham Hospital and Diabetic Centre,hospital,11.4572053,77.6912235
Suma Hospital,hospital,9.8264181,77.9870577
Sumathi Hospital And Institute Of Super Specialities,hospital,9.9208987,78.1446254
Sumith Hospital,hospital,11.0261493,77.0176752
Vigneswar Hospital,hospital,9.5070532,78.0938499
Spandana Surgical Centre,hospital,13.0834455,80.1749497
Tosh Hospitals Private Limited,hospital,13.0827016,80.2424652
Manohar General Hospital,hospital,12.8358582,79.7118127
Saravanan Eye Hospital,hospital,11.087711,79.6474095
Thembavani Hospital,hospital,9.9320191,78.1005648
Tirunelveli Medical College and Hospital,hospital,8.7119289,77.7507403
Tirunagar Hospital,hospital,9.8814616,78.0567133
Umar Hospital,hospital,8.1866574,77.431709
Mahathma Eye Hospital,hospital,10.8179628,78.6843556
Thirumurugan Hospital,hospital,10.8288801,78.702549
Sundaram Arulraj Hospitals,hospital,8.8081533,78.1399959
Sundaram Cancer Centre,hospital,13.07604,80.2366224
"Sundaram Hospital, Kanchipuram",hospital,12.6879787,79.9786127
R.R Hospital,hospital,9.9211001,78.1492368
R.R. Eye Instutute and Laser Foundation,hospital,13.0483992,80.2040416
Raaja Hospital,hospital,8.7280124,77.7222513
"Rajah Hospital, Coimbatore",hospital,11.0270299,77.0187333
Radha Krishnan Hospital,hospital,8.3590699,77.2915381
"Raja Hospital, Dharmapuri",hospital,11.9792908,78.2509482
"The Eye Foundation, The Nilgiris",hospital,11.4033382,76.7144568
Avm Medical Ent Research Foundation Pvt Ltd,hospital,13.0441485,80.2637114
"Dr Agarwal Vasns Eye Hospital, Salem",hospital,11.6700596,78.1381854
"Kannan Hospital, Pudukkottai",hospital,10.3792573,78.8162693
"Prashanthi Hospital, Tiruvannamalai",hospital,12.5144881,79.1294789
"Aditya Hospital, Chennai",hospital,13.0806801,80.2486159
St.Mary Of Leuca Hospital,hospital,9.9565255,78.1478682
Dr Sudhakar Ent Care Centre,hospital,11.6713519,78.1399383
Tirukumaran Hospitals,hospital,11.3782118,77.8914933
Thiraviam Orthopaedic Hospital,hospital,8.1977878,77.4449055
Thilagavathy Hospital,hospital,10.7589696,78.7045486
Thenmani Hospital,hospital,8.8058168,78.1530891
Laser and Laparascopic Hospital,hospital,13.0430125,80.2371521
Lalitha Hospital,hospital,11.0174139,76.9617565
Lakshmi Maternity Hospital,hospital,12.9938673,80.2528444
Lakshmi Maternity And Childrens Hospitals,hospital,9.8424572,77.3780903
"Lakshmi Hospital, Vellore",hospital,12.9684926,79.1369931
"Lakshmi Hospital, Krishnagiri",hospital,12.7328212,77.8254358
L.P. Hospital,hospital,9.9042398,78.0952634
"Hindusthan Hospital, Coimbatore",hospital,11.019682,76.9947731
"Kumaran Hospital, Vellore",hospital,12.9459476,79.1373874
"Kumaran Hospital, Coimbatore",hospital,11.0150812,76.95132
Kumaran Hospital Pvt.Ltd.,hospital,13.0790289,80.2490893
"Kumar Hospital, Kanniyakumari",hospital,8.2528525,77.3115702
K.S. Hospital,hospital,10.9649788,79.3777348
Seesha Karunya Community Hospital,hospital,11.0160619,76.9593814
D R J Hospital P. Ltd.,hospital,13.1217887,80.1996361
"Saravana Hospitals, Dindigul",hospital,10.3658056,77.977556
Royal Hospital For Children,hospital,8.6959017,77.739408
K.M. Hospitals,hospital,10.6625561,77.003421
"Dr Agarwals Eye Hospital Ltd, Chennai",hospital,13.0381353,80.1619336
Apollo Specialty Hospitals Private Limited,hospital,13.0177957,80.2711008
Devaki Speciality Hospital,hospital,10.0742927,78.7730891
Deepam Eye Hospital,hospital,13.0877615,80.2423476
Dr. A. Ramachandran's Diabetes Hospital,hospital,13.0685338,80.2579902
Sri Krishna Eye Hospital,hospital,10.3799051,78.819032
Dr Velan Memorial Hospital,hospital,8.2620832,77.6851697
Rss Hospital,hospital,10.7528997,79.1211198
Bhavani Hospital,hospital,11.6745697,78.1362683
Rajendhira Hospital,hospital,10.8537595,78.6988778
Devi Hospital,hospital,8.7250836,77.7179718
"Sanjeevani Hospital And Maternity Home, Annur",hospital,11.21711,77.0872946
"Srushti Hospital, Kanchipuram",hospital,13.0353484,80.1822808
Kerala Ayurvedic Hospital,hospital,10.8184647,78.6858845
"Sankara Eye Hospital, Coimbatore",hospital,11.0133673,76.9553728
Kerrison Memorial Hospital,hospital,11.6604257,78.1579573
Veecare Eye Hospital,hospital,13.0843952,80.2182426
"Vijay Hospital, Krishnagiri",hospital,12.7350679,77.825517
Karpagam Hospital,hospital,9.9347522,78.1260974
Kiruba Hospital and Kiruba Diabetess Centre,hospital,9.9139076,78.1382619
"Saravana Hospitals, Madurai",hospital,9.9414272,78.1255046
Madurai Eye Center,hospital,11.0137122,76.951316
A.J. Hospital,hospital,8.1162996,77.5314336
Vigneshwar Hospital,hospital,9.8228463,77.987287
Velachery K S Hospital,hospital,12.9763914,80.2114016
Vega Ent Hospital,hospital,11.0142295,76.9437897
Veeramani Hospital,hospital,8.8012141,78.1388909
"Vasan Eye Care Hospital, Sivaganga",hospital,9.8481139,78.4882955
"Vasan Eye Care Hospital, Anna Nagar",hospital,9.9207837,78.1488901
K.J. Hospital,hospital,13.0790015,80.25267
Geeth Ragunath Hospital,hospital,11.5954889,78.5955383
Selvan Hospital,hospital,8.6951036,77.7156933
Spt Hospitals,hospital,11.0143493,76.9614293
Sathya Physiotherapy Centre,hospital,13.0440365,80.2336198
Sathya Hospital and Balaji Laparoscopy Centre,hospital,9.362018,78.8461062
Sri Adhi Parasakthi Hospital,hospital,9.8476687,78.4902804
K. K. Hospital,hospital,8.4995653,78.1173232
Kensington Hospital,hospital,13.0788382,80.2469368
Ponmalligai Hospital Pvt Ltd,hospital,12.9925116,80.2061465
RMMC Multi Speciality Hospital,hospital,10.8739587,78.8148531
"Sacred Heart Hospital, Tuticorin",hospital,8.8146048,78.1467699
Ashwin Hospital,hospital,11.3330395,77.7197233
"The Schieffelin Institute Of Health Research & Training Centre, Karigiri",hospital,12.9938366,79.1969506
Deepika Eye Care Hospital,hospital,12.9512057,79.9389294
Sri Bala Hospital,hospital,11.6566667,78.4010889
Aarthy Eye Hospital,hospital,10.9607775,78.0741034
Pdr Othopaedic Hospital,hospital,13.0389519,80.2290894
Sre-Vidya Hospital,hospital,12.518789,78.2186571
Sree Devi Hospital,hospital,10.8575916,78.6924908
Sree Shanthi Hospital,hospital,11.2778297,77.5885653
Sree Sakthi Hospital,hospital,12.7605506,80.0025071
Dr K Padmavathy Hospital,hospital,11.0081878,76.9578948
E V Kalyani Medical Centre,hospital,13.0427786,80.2706811
"Vijaya Hospital, Kanniyakumari",hospital,8.2552229,77.3089349
Vikram Hospital and New Vikram Hospital,hospital,9.921439,78.1411265
Vinayaka Mission? Kirupananda Variyar Medical College,hospital,11.5977669,78.0850992
Vinodhagan Hospital,hospital,10.7742499,79.1363052
Yogi Vedha Kumari Hospital,hospital,13.0269877,80.2631588
Xcellent Care Superspeciality Hospital,hospital,12.9833895,80.2181782
Women and Children Foundation,hospital,13.0478465,80.2329075
Williams Children Hospital,hospital,8.3080257,77.2191487
Willam Hospital,hospital,8.1913525,77.4233311
VN Neuro Hospital and Vn Neuro Center,hospital,9.9229939,78.1140697
"Subam Hospital, Madurai",hospital,9.931422,78.1062001
Subhiksha Hospital,hospital,12.9740991,80.1387607
Subramania Pillai Memorial Hospital,hospital,8.1719664,77.4654814
"Sudha Hospital, Chennai",hospital,13.0791504,80.2541493
Sudha Institute of Medical Sciences Hospital,hospital,11.3371539,77.7109247
V.S.R Ortho Hospital,hospital,12.8328233,79.7036849
V.S. Hospital,hospital,10.7776292,79.6366417
V.K. Hospital,hospital,13.0816938,80.2522811
"V. G. Hospital, Thudiyalur",hospital,11.0706896,76.9420054
V N Neuro Care Centre and Hospital,hospital,9.9248843,78.11884
V K Hospital,hospital,11.3513792,77.7313976
Uma Kumar Hospital,hospital,12.7362537,77.8243053
Udhayam Hospital,hospital,11.5064193,77.2467814
U.K. Hospitals Pvt. Ltd.,hospital,13.0838857,80.2252632
U.K. Hospital,hospital,10.5845774,77.2544271
"Trust Hospital, Chennai",hospital,13.0892193,80.2415402
Titan Eye,hospital,13.082343,80.2076291
Sree Karunya Hospital,hospital,11.112514,78.0120948
Sai Ortho Care Hospital,hospital,13.0332775,80.2371645
Dr Nsk Hospital,hospital,11.3381737,77.7153821
Sri Vishnu Priyaa Hospitals Pvt Ltd,hospital,11.036949,76.927958
Madurai City Hospital,hospital,9.9268962,78.1434533
Ayyappa Hospital,hospital,11.6524111,78.1456836
Sri Kumarun Hospital,hospital,10.7678786,79.1112238
Aparna Hospital,hospital,10.9561995,76.9541618
Anthony Sheeran Hospital,hospital,12.2351031,79.0790903
Sri Kanna Speciality Hospitals,hospital,9.1843212,77.4029866
"Sms Hospital, Tirunelveli",hospital,8.72501,77.7384652
"Smyle Hospital, Mettupalayam",hospital,11.2878481,76.9420704
Snathi Hospital,hospital,11.4564245,78.1932485
Snekaram Multi Specality Hospital,hospital,10.987562,76.9358088
Sooriya Hospital,hospital,13.0481888,80.2035199
??? ?? ???????????,hospital,9.9224443,78.1489693
Bhuvana Nursing Home,hospital,10.3604482,78.8367641
Sriram Child and Maternity Hospital,hospital,11.4739074,77.5783099
Sigma Hospital,hospital,8.298323,77.2426911
Sri Sakthi Hospital,hospital,8.6998588,77.7247886
Siva Hospital,hospital,8.1191701,77.3916073
"Siva Hospital, Salem",hospital,11.6586631,78.1818277
"Dr Sivakumar Multi Speciality Hospital, Vellore",hospital,12.9343057,79.152562
P.P.S Pvt Hospital,hospital,9.4151802,78.3670445
Pp Hospital,hospital,11.6474921,78.1561723
Poorani Hospital,hospital,10.0732548,78.7724534
Chandra Hospital,hospital,9.9104173,78.1200148
Centre For Blood Disorders,hospital,13.0496502,80.2410582
C.S.I. Mission General Hospital,hospital,10.8233069,78.6746728
Bone and Joint Hospital,hospital,10.8271085,78.6790998
Kulasekaran Hospital,hospital,10.0072826,77.4839088
Kshetropasna Medical Trust Ayurveda Hospital,hospital,12.9830693,79.9379463
Krithika Hospital,hospital,9.9179408,78.1322095
Krishnammal Memorial Hospital,hospital,10.0233921,77.4798828
"Krishna Hospital, Tirunelveli",hospital,8.7269984,77.7348013
"Krishna Hospital, Tiruchirappalli",hospital,10.7729404,78.6844549
Arun Hospital,hospital,10.0080724,77.3490836
Roselin Gandhi Hospital,hospital,13.1166714,80.2803303
Sam Hospital,hospital,8.1878826,77.422725
"Srinivasa Hi-Tech Multi Speciality Hospital, Madurai",hospital,9.9288566,78.1277597
Sandhya Hospital,hospital,12.9382969,79.1684776
"Maruthi Hospital, Coimbatore",hospital,11.0031531,76.9513019
"Kannan Hospital, Cuddalore",hospital,11.7618511,79.7616957
Samuvel Hospital,hospital,8.2013645,77.308257
Paterson Cancer Center / Vijaya Health Centre Premises,hospital,13.0475826,80.2069719
Srimathi Murugeshan Hospital,hospital,11.3389205,77.7187791
Fertility Research Centre,hospital,13.0558855,80.2481343
"Mayura Hospital, Perumanallur",hospital,11.2071766,77.3560774
Kani Hospital,hospital,8.723404,77.6628712
Spot Hospital,hospital,13.047269,80.2187347
Sri Harini Hospital,hospital,11.335935,77.7112643
SRV Hospital,hospital,10.3803167,78.8188805
Srv Hospital,hospital,10.3803443,78.8189676
Abhiram Hospital Childrens Hospital and Vaccination,hospital,9.9270072,78.1436424
K. J. Hospital,hospital,10.9707765,76.9564471
B B Hospital,hospital,13.1184203,80.204346
A R Hospital,hospital,9.3648762,78.819728
Aishwarya Hospital,hospital,11.6716291,78.1267807
Dr Raos Services Hospital,hospital,10.0309302,78.3345392
St.Joseph Hospital,hospital,10.3696827,77.9819307
Abiraami Hospital,hospital,11.7559244,79.7617192
Appasamy Krishna Hospital and Medical Research Centre,hospital,12.9758647,80.2205016
"Ayesha Hospital, Thillaingar",hospital,10.8195073,78.6838654
"Medindia Hospitals, Chennai",hospital,13.0606718,80.2432201
Pauls Hospital,hospital,8.3148379,77.2023392
"AG Hospital, Tiruppur",hospital,11.1090267,77.3528045
"Aakash Hospital, Tiruvallur",hospital,13.1694824,80.304324
K.M. Multi Speciality Hospital,hospital,13.1450072,80.2398249
"Sankar Hospital, Tirunelveli",hospital,8.7258478,77.7070834
Rs Ortho Hospital,hospital,9.4537859,77.5596638
Devi Hospital,hospital,11.6786391,78.1415731
Pentagon Hospital,hospital,10.763934,79.84079
Abishek Ortho Center,hospital,10.9628788,78.0600715
Rudhra-Chella Clinicare`N`Cure Services,hospital,13.1228878,80.293498
K.K.R. ENT Hospital and Research Institute(P) Ltd,hospital,13.0781955,80.2452886
"Mythri Hospital, Krishnagiri",hospital,12.5264111,77.7897745
Roy's Heart Foundation,hospital,13.0345893,80.1836944
Roselet Medical ObgandSurgical Centre,hospital,11.0177943,76.9612482
D.V. Hospital,hospital,11.8442425,77.7489218
"Preethi Hospital, Virudhunagar",hospital,9.673832,78.1012943
Sakthi Hospital (P) Ltd.,hospital,10.4885207,77.7492832
"Srinivasa Hospital P P N, Chennai",hospital,13.0503377,80.2299377
Gastro Cre Hospital,hospital,13.0394065,80.2507684
Karunai Hospital,hospital,9.9416266,78.1271461
Aaditya Kamaraja Eye Hospital,hospital,13.0463676,80.1865241
Dr. Agarwal`S Eye Hospital Ltd,hospital,12.9106975,79.131622
Saraswathi Eye Hospital and Research Centre,hospital,9.9157056,78.1256247
Sruti Hospitals,hospital,11.0060677,76.9525994
Ponni Hospital & Fertility And Research Centre,hospital,9.9600054,78.1333676
Aarthi Hospital,hospital,9.1745333,77.8662443
"Sri Venkateshwara Hospital ,Tiruchirapalli",hospital,10.8219673,78.6830614
"Kasthuri Hospital, Chennai",hospital,12.9269402,80.1146503
Saradha Hospital,hospital,8.1973491,77.4314482
Sri Krishnan Hospital,hospital,9.4415591,77.5600933
Sahishnatha Indtitute Of Maternal And Child Health,hospital,12.9531897,80.2541614
J.B. Clinic And Hospital,hospital,11.3351769,77.7282031
"Jaya Hospital, Madurai",hospital,9.8832823,78.0575944
Immanuel Hosptal,hospital,13.1162117,80.1065513
,hospital,11.6717141,78.1524716
Chinthiya Dental Clinic,hospital,9.5085767,77.6333174
burma doctor hospital,hospital,11.2414022,76.9600962
,police,13.1188229,80.2974617
,police,13.0757377,80.2775929
Ketti Village Police Station,police,11.3816825,76.7358475
,hospital,11.3723896,76.7282242
Sushrusha Hospital,hospital,8.1957062,77.3923651
dr.thangavel dch hospital,hospital,11.4619955,78.1849181
Police Station Rasipuram,police,11.4617825,78.1847411
surya hospital,hospital,11.4622163,78.1840544
"Diatrict Police Station, Kallakurichi",police,11.7030001,78.9430882
Jaaidev Hospital,hospital,11.6655205,78.2634736
,hospital,12.9450447,78.8695276
Chindoja Hospital,hospital,10.4220476,79.3207038
Vetri Selvan Hospital,hospital,10.4247438,79.3189967
Naadi Ortho Clinic,hospital,10.4218962,79.3228683
Ahana Hospitals,hospital,9.9244589,78.1374639
G.R.A.M. Hospital,hospital,10.4276252,79.3137842
Santhosh Childrens Hospital,hospital,9.4423176,77.5600152
Holy Family Mission Hospital,hospital,11.442748,76.8703468
"Mangalam Hospital, Tiruchirappalli",hospital,10.8239814,78.6839486
Deepam Hospital,hospital,10.0070957,77.3494919
G.V.K. Hospital,hospital,11.6445919,78.1555742
Sankari Hospital,hospital,12.9153529,79.1335011
Siva E N T Hospital,hospital,13.0619796,80.2741693
"Aravind Eye Hospital, Periyakulam",hospital,10.0238801,77.4800719
"Vinayagam Laser Hospital, Chennai",hospital,13.0476113,80.2650954
"Dr Agarwals Eye Hospital, Triplicane",hospital,13.0524884,80.2736449
Ar Ortho Hospital,hospital,10.6622765,77.0125401
"Dr.Agarwal's Eye Hospital Ltd., Gopala Puram",hospital,13.0432085,80.259169
Bharani Hospital,hospital,13.0380111,80.2013205
"Sangeetha Hospital, Thanjavur",hospital,10.4267995,79.3160688
Vasantha Hospital,hospital,13.1738112,80.294082
"Rhyatham Hospital, Kovilpatti",hospital,9.1742024,77.8657394
N.R.K Hospital,hospital,10.6634633,79.4480496
Arthur Asirvatham Hospital,hospital,9.9240771,78.1392731
South Zone Ent Research Centre,hospital,11.9301511,79.4803694
Selvaa Hospital,hospital,8.6836443,78.0350315
Amma Hospital,hospital,12.7393554,77.8326981
Temple Police Station,police,9.2870953,79.3098772
,hospital,12.9137954,79.1349428
Sri Rama Chandra Hospital,hospital,9.9234022,78.1149857
Sri Ragavendra Hospital,hospital,11.2151734,78.1703431
Government Hospital,hospital,11.3900664,78.1606968
Usha Hospital,hospital,8.2510657,77.5235413
Muthuvel Rajan Hospital,hospital,9.92495,78.1190044
South Zone Ent Research Centre,hospital,11.9289946,79.4806509
SIMS Children Hospital,hospital,11.3376687,77.7106065
Sri Gokulam Speciality Hospital,hospital,11.6788724,78.1274258
Fortis Vadapalani Hospital,hospital,13.0475131,80.2042733
Sholai Medical Centre,hospital,11.3364905,77.7107674
Tamil Nadu Urological Research Centre Best Kidney Stone Clinic,hospital,13.0748708,80.2147555
Sree Sanjeevi Rayan Hospital,hospital,13.1992282,80.1786155
Sri Ranga Hospitals,hospital,13.0290525,80.2636265
Shree Sivaa Hospital,hospital,11.0450728,76.9856121
Lakshmi Madhavan Hospital,hospital,8.7262514,77.7211816
Dr. BRJ Ortho Centre,hospital,11.0340354,76.9512209
Sri Devi Hospital,hospital,12.9672419,79.9456429
R K Eye Care Center,hospital,11.4589079,78.1913596
S S Medical Centre,hospital,11.6706585,78.1398415
Sri Venkatswara Hospital,hospital,10.7608285,79.8426391
Chamiers Day Care Center,hospital,13.0297278,80.2446245
"Krishna Hospital, Namakkal",hospital,11.3754811,77.8931817
K.V. Hospital - Senthil Kidney Centre,hospital,12.1255592,78.1581934
S.A.M Hospital,hospital,10.8189824,78.6837253
London Harley Street Women And Fertility Centre,hospital,12.9609724,80.2421492
"ESIC Hospital, Virudhunagar",hospital,9.5910952,77.9633891
Sri Kumaran E N T Hospital,hospital,11.3657814,77.7477763
Sri Krishna Hospital,hospital,11.3656648,77.7477783
"Mathura Scan Centre, Nagercoil",hospital,8.1815945,77.4153596
Thilagaram Orthopaedic Hospital,hospital,8.1821799,77.4153596
Gas Hospital,hospital,13.003026,80.2540981
Maris Hospital,hospital,8.9769986,77.4185219
Thangamathi Nursing Home,hospital,8.9770274,77.4183653
GP Hospital,hospital,12.2292039,79.0745071
Vignesh Hospital,hospital,12.2242836,79.0742584
Dr.Bala Subramanian,hospital,13.0465056,80.2423799
Nathans Speciality hospital,hospital,12.5203307,78.2174264
Kanna Hospital,hospital,10.3651479,77.9821757
"Hospital, Dindigul",hospital,10.3674179,77.9796011
West Police Station,police,10.958471,79.3748958
S.T. Hospital,hospital,10.959951,79.3803073
Csi Bellpins Indrani Chelladurai Mission Hospital,hospital,8.7232798,77.7488801
"Government Hospital, Sendamaram",hospital,9.059941,77.437467
"Government Hospital, Betmanagaram",hospital,8.6502083,77.9549229
"Government Hospital, Sokkalal",hospital,8.7400328,77.5221934
Poigai Government Hospital,hospital,9.0359224,77.3892891
Srivaikundam Government Hospital,hospital,8.6289886,77.9124722
"Government Hospital, Ottapidaram",hospital,8.909187,78.021275
Eswari Hospital,hospital,9.1743019,77.5419414
C. J. Hospital,hospital,8.883598,77.388918
J.K.Hospital,hospital,8.6770516,77.7412301
Balaji Hospital,hospital,8.9550625,77.3115106
Government Hospital Veeranam,hospital,8.941453,77.500121
"Government Hospital, Kayalpattinam",hospital,8.5675729,78.1207651
Sugam Hospital,hospital,8.5153651,77.5540506
"Government Hospital, Kadayanallur",hospital,9.0843307,77.3471138
"Govt. Primary Hospital, Nalli",hospital,9.2375269,77.9070875
Vadakarai Government Hospital,hospital,9.0357839,77.2717625
"Government Hospital, Eral",hospital,8.6281021,78.0228847
"Government Hospital, Sayalkudi",hospital,9.1673279,78.4439116
"Government Hospital, Ambasamudram",hospital,8.7028117,77.4579979
Muthamil Hospital,hospital,8.7162149,77.7321912
Sundarapandiapuram Government Hospital,hospital,8.9632748,77.3804556
St.Mary's Hospital,hospital,9.1864337,77.4024781
"Government Hospital, Veerakeralampudur",hospital,8.9389031,77.4493598
"Government Hospital, Kulayaneri",hospital,8.9999351,77.4322512
Sudharson Platinum Hospitals,hospital,8.729866,77.71944
Kamala Nurshing Home,hospital,8.976933,77.420813
Thanam Hospital,hospital,8.5150572,77.5560818
Jeyarathna Hospital,hospital,8.7231595,77.6915029
"Government Hospital, Reddiarpatti",hospital,8.6735412,77.7437318
Yusuf Zulaikha Hospital,hospital,9.2301694,78.7844509
"Government Hospital, Puliyangudi",hospital,9.1694504,77.3956889
"Government Hospital, Valinokkam",hospital,9.1657692,78.6425093
"Government Hospital, Alangulam",hospital,8.867049,77.49199
"Government Hospital, Ettaiyapuram",hospital,9.1480267,77.9916476
Veeravanallur Government Hospital,hospital,8.6908972,77.5252827
"Government Hospital, Cheranmahadevi",hospital,8.682902,77.563989
Sriram Hospital,hospital,8.9611962,77.3067831
Shiva Hospital,hospital,8.9579361,77.3084693
NMS Hospital,hospital,9.1789609,77.5357748
Dr. PM. Hospital,hospital,8.919435,77.39024
Shifa Hospital,hospital,8.7284606,77.7101795
"Government Hospital, Uthumalai",hospital,8.9805198,77.5263839
"Government Hospital, Shenkottai",hospital,8.9717717,77.2474154
Veema Hospital,hospital,8.5148968,77.557595
Manakaavalam Pillai Government Hospital,hospital,8.7267341,77.7388735
"Government Hospital, Tenkasi",hospital,8.9707606,77.3036864
Sankarankovil Government Hospital,hospital,9.1688041,77.5363683
Nettur Government Hospital,hospital,8.9140846,77.5274798
Government Hospital Vadamalapur,hospital,9.1545023,77.4725976
Peace Health Centre,hospital,8.6995388,77.7264438
Latha Hospital,hospital,8.9090277,77.3783734
Pettai Government Hospital,hospital,8.7220798,77.6589633
"Government Hospital, Kovilpatti",hospital,9.175784,77.8743474
"Government Hospital, Melapalayam",hospital,8.705728,77.709929
Joseph Hospital,hospital,8.7249129,77.7312637
"Government Hospital, Vadakupappankulam",hospital,8.7761606,77.4214125
"Government Hospital, Ervadi",hospital,9.22199,78.701598
"Government Hospital, Kalugumalai",hospital,9.1507621,77.7018977
Gomathy Hospital,hospital,8.6886524,77.463876
Government Hospital Kadaladi,hospital,9.216809,78.495177
Dr.Ala Memorial Hospital,hospital,8.9551686,77.3078937
Annamalai Hospital,hospital,9.177388,77.5330322
"Vickramasingapuram,Government Hospital",hospital,8.7146591,77.3859391
Sri Senthil Hospital,hospital,9.175173,77.5326973
"Government Hospital, Kayathar",hospital,8.944803,77.776083
"Goverment Hospital, Ayikudi",hospital,9.0014243,77.3460958
Sree Mookambika Cancer Centre,hospital,8.361361,77.290561
PPM Hospital,hospital,8.13245,77.365941
Asha Hospital,hospital,8.2436676,77.319703
Renuga Hospital,hospital,8.1700258,77.4373739
Amala Hospital,hospital,8.266006,77.2916631
Dennis Hospital,hospital,8.2637498,77.2958409
Valliyur Government Hospital,hospital,8.397798,77.5947675
"Government Hospital, Navaladi",hospital,8.2577282,77.8244722
"Government Hospital, Kulaseram",hospital,8.3723617,77.2993624
Rani Hospital,hospital,8.5119618,77.5592599
Binu Medical Centre,hospital,8.1852759,77.2497986
Subam Hospital,hospital,8.269539,77.439625
Chandriga Hospital,hospital,8.181537,77.426428
SJ. Hospital,hospital,8.1966937,77.4282444
Annai Theresa Hospital,hospital,8.1584201,77.4255439
Aaditya Hospital,hospital,8.1760644,77.431521
"Government Hospital, Karungal",hospital,8.2293305,77.2413827
"Vadakkankulam,Government hospital",hospital,8.2633917,77.6097885
Carolin John Hospital,hospital,8.176412,77.409411
Rita Hospital,hospital,8.288966,77.108227
"Government Hospital, Nanguneri",hospital,8.4910559,77.6595461
Lakshmi Hospital,hospital,8.1841839,77.4312631
"Government Hospital, Radhapuram",hospital,8.268576,77.6864484
"Government Hospital, Kuttakuzhi",hospital,8.31212,77.261791
Jeppiaar Remibai Hospital,hospital,8.166032,77.319129
Vattavilai Government Hospital,hospital,8.1612986,77.4382857
Krishnakumar Orthopaedic Hospital,hospital,8.194654,77.394216
Rajalekshmi Hospital,hospital,8.158196,77.43251
David Hospital,hospital,8.36402,77.2986301
Ramya Hospital Velladichivilai,hospital,8.1543723,77.4462103
Prakash Hospital,hospital,8.222139,77.3542614
Latha Hospital,hospital,8.1683251,77.4357765
A.M Hospital,hospital,8.205907,77.314965
"Government Hospital, Mudalur",hospital,8.421419,77.942626
Padukkapathu Government Hospital,hospital,8.3654859,77.981655
Padhmanabapuram Government Hospital,hospital,8.247731,77.313351
Kandaswamy Hospital,hospital,8.118839,77.52599
"Government Hospital, Kuzhithurai",hospital,8.310425,77.212382
"Government Hospital, Koodangulam",hospital,8.201218,77.710848
Dr.Sivarajan Memorial Maternity Hospital,hospital,8.1578,77.458891
Bethesda Hospital,hospital,8.1883256,77.427116
"Government Hospital, Arumanai",hospital,8.362706,77.2377176
Perinba Hospital,hospital,8.3601052,77.2989638
Rajam Hospital,hospital,8.1738299,77.390855
"Government Hospital, Eruvadi",hospital,8.4335336,77.6006423
Valliammai Achi Hospital,hospital,8.4152001,77.2715427
Prasadh Hospital,hospital,8.1786649,77.2553802
Mahalekshmi Hospital,hospital,8.1784249,77.4252555
Csi Hospital. Nagercoil,hospital,8.1862388,77.4232201
Idroos Hospital,hospital,8.274607,77.4409022
Sivanthi Hospital,hospital,8.0908658,77.5494399
"Csi Hospital, Marthandam",hospital,8.308594,77.2155581
Blessing Hospital,hospital,8.1675245,77.4322708
"Csi Hospital, Kulasekeram",hospital,8.3625758,77.2964418
Sindhu Hospital,hospital,8.1453478,77.4318651
Nirmala Hospital,hospital,8.2440372,77.2403957
Rodrigues Hospital,hospital,8.35898,77.290056
Mother Therese Hospital,hospital,8.1735644,77.4176254
"Government Hospital, Seynamvilai",hospital,8.208495,77.27842
Kalangudieruppu Goverment Hospital,hospital,8.4303468,78.0326817
Ganesamony Hospital,hospital,8.170847,77.4322502
Francis Hospital,hospital,8.266787,77.142518
"Government Hospital, Colachal",hospital,8.1783591,77.2578485
"Government Taluk Headquarters Hospital, Boothapandy",hospital,8.2647152,77.4439763
S.R.Hospital,hospital,8.2442446,77.3207802
Devadhas Hospial,hospital,8.274207,77.14411
"Government Hospital, Sathankulam",hospital,8.4430918,77.9096381
MJ Hospital,hospital,8.165183,77.385274
,hospital,11.6284429,78.8688031
,police,11.6356677,78.8774714
Jayalakshmi Hospital,hospital,9.3917216,77.4923075
Sathur Government Hospital,hospital,9.3531513,77.920013
Manamadurai Government Hospital,hospital,9.6943125,78.4592323
"Government Hospital, Sivagiri",hospital,9.3471299,77.4332285
Aravind Maternity Hospital,hospital,9.4527525,77.552606
"Government Hospital, Srivilliputhur",hospital,9.5135667,77.6326207
Krishna Hospital,hospital,9.354485,77.9196099
Soundaram Nurshing Home,hospital,9.4504454,77.7941672
"Government Hospital, Kallamanaickanpatti",hospital,9.3776064,77.7102567
"Government Hospital, Keelathooval",hospital,9.4192489,78.5509953
Surya Hospital,hospital,9.395436,77.499077
Manimalar Maternity Hospital,hospital,9.5105955,78.0968013
Sri Ram Hospital,hospital,9.4461139,77.801131
Sankar Hospital,hospital,9.5095614,78.0975468
Sruthi Hospital,hospital,9.444383,77.8017682
"Government Hospital, Gudalur",hospital,9.67647,77.240587
Nivin Hospital,hospital,9.4198385,78.3695236
Ramanathapuram Government Hospital,hospital,9.363491,78.831889
"Tiruchuli, Goverment Hospital",hospital,9.5356729,78.2035947
ESI Sivakasi,hospital,9.4643146,77.7651711
Shifan Hospital,hospital,9.367442,78.83615
Shivashankar Hospital & Research Cente,hospital,9.5905571,77.9499186
Mandapam Camp Government Hospital,hospital,9.274733,79.136718
Periyapattinam Government Hospital,hospital,9.2704775,78.9027595
"Government Hospital, Auvudaiyapuram",hospital,9.4454589,77.952231
Om Sakthi Hospital,hospital,9.6880693,78.4495485
Maniraj Hospital,hospital,9.3543922,77.9196377
Dhanya Hospital,hospital,9.4435946,77.5510019
Government Hospital Kariapatti,hospital,9.6741205,78.0962516
Thiruppalaikudi Government Hospital,hospital,9.5442253,78.9122689
Xavier Hospitals,hospital,9.3635404,78.8495267
Ramani Hospital,hospital,9.363482,78.837123
Panchavarnam Hospital,hospital,9.5234174,77.6387692
"Government Hospital, Kilavikulam",hospital,9.3611916,77.5911987
Ashok Hospital,hospital,9.4474369,77.5538126
Thiruthangal Government Hospital,hospital,9.48809,77.814176
Anbu Hospital,hospital,9.3662105,78.8172629
Watrap Government Hospital,hospital,9.6401576,77.6354437
Kamali Hospital,hospital,9.5084774,78.0971319
Star Hospital,hospital,9.3538499,77.9203014
Sri Hari Hospital,hospital,9.443618,77.560057
Vanni Hospital,hospital,9.507182,78.097883
P.A.C. Ramasamy Raja Memorial Government Hospital,hospital,9.4377748,77.5373647
"Government Hospital, Mamsapuram",hospital,9.5052381,77.6018447
Rajasuba Hospital,hospital,9.4235674,77.580285
Menaka Hospital,hospital,9.4576565,77.7988751
RR hospital,hospital,9.4532044,77.5590013
"Government Hospital, Chokkanathan Pudur",hospital,9.3609775,77.4578589
"General Hospital, Natham",hospital,9.4469967,78.4484804
Dhanushkodi Hospital,hospital,9.354646,77.9167766
"Government Hospital, Malaipatti",hospital,9.4851038,78.0014964
"Government Hospital, Kunnur",hospital,9.5865151,77.6993822
Pandalkudi Government Hospital,hospital,9.389392,78.103515
Panaikulam Government Hospital,hospital,9.3662871,78.9499219
Government Hospital Kamuthi,hospital,9.4158759,78.3659616
"Government Hospital, Ilayankudi",hospital,9.6292182,78.6273668
Meenakshi Sundaram Hospital,hospital,9.3977442,77.4961053
"Government Hospital, Kalkurichi",hospital,9.6024514,78.0951809
"Government Hospital, Appanur",hospital,9.264314,78.483371
Saravana Hospital,hospital,9.394533,77.498601
Saravana Hospital,hospital,9.3531567,77.9181089
"Government Hospital, Mudukulathur",hospital,9.3492404,78.5152361
Joseph Hospital,hospital,9.5154964,77.6343727
"Government Hospital, Narikkudi",hospital,9.587305,78.308569
Latha Nurshing Home,hospital,9.3546493,77.9183979
MSB Multispeciality Hospital,hospital,9.4846266,77.8142801
Muthusamy Hospital,hospital,9.5840119,77.959814
Siva Hospital,hospital,9.4749,77.812485
MPCN Hospital,hospital,9.5717555,77.9587914
Jawahar Hospital,hospital,9.3731406,78.8435213
"Government Hospital, Devipattinam",hospital,9.468521,78.891103
"Government Hospital, Paramakudi",hospital,9.5548798,78.575356
"Government Hospital, Salaigrammam",hospital,9.6073822,78.7151305
"Government Hospital, Zamin Kolangondan",hospital,9.3957054,77.5244062
"Government Hospital, Nathampatti",hospital,9.6009693,77.7300528
Shenbegam Hospital,hospital,9.9238037,78.1435794
Gowtham Hospitals,hospital,9.879442,78.057386
Sakthi Hospital,hospital,9.914701,78.099235
Bright Hospital,hospital,9.933019,78.139696
Pandukudi Hospital,hospital,9.808028,78.9713947
Government Hospital,hospital,9.9028146,78.1883014
Shastha Kidney And Multispeciality Hospital,hospital,9.939848,78.175138
"Government Hospital, Kondagai",hospital,9.844083,78.185059
Grace Hospital,hospital,9.9183299,78.1043613
Jeya Raj Hospital,hospital,9.917528,78.118013
Sivam Hospital,hospital,9.825613,77.985609
S.S. Hospital,hospital,9.9236629,78.1214825
Sundaram Hospital,hospital,9.9212771,78.0998905
"Government Hospital, Idayamelur",hospital,9.9200701,78.4436757
St. Joseph's Hospital,hospital,9.847558,78.865929
"Sumathi Hospital,Anna Nagar,Madurai",hospital,9.923737,78.1467176
Thirupparankundrum Government Hospital,hospital,9.8788769,78.066615
Government Hospital Periyakottai,hospital,9.7882968,78.4164117
Arasi Hospital,hospital,9.928607,78.0964222
Karunai Hospital,hospital,9.942696,78.1274045
Dhandapani Hospital (Sivagami Surgical Clinic),hospital,9.8431928,78.6379481
Dr. Rm Devasena Hospital,hospital,9.9495216,78.8178762
"Government Hospital, Tirumangalam",hospital,9.8254401,77.986555
Life Care Hospitals,hospital,9.916351,78.097006
"Government Hospital, Kamayakoundanpatti",hospital,9.737068,77.316911
Sabari Maternity And Children Hospital,hospital,9.8492413,78.4867869
Aroma Hospital,hospital,9.9442065,78.1425622
"Varusanadu,Government Hospital",hospital,9.726194,77.518126
Sri Krishna Children's Hospital,hospital,9.9252562,78.1134833
"Government Hospital, Alligundam",hospital,9.8776554,77.7902909
"Government Hospital, Balarengapuram",hospital,9.9128824,78.1312982
Mohan Medicity Hospital,hospital,9.9348695,78.1457357
"Government Hospital, Govindanagaram",hospital,9.9115115,77.5027323
Pandian Heart Institute,hospital,9.9290073,78.1096085
Government Hospital,hospital,9.941032,77.969804
"Sellur,Government Maternity Hospital",hospital,9.9350427,78.1188461
Maniyam Hospital,hospital,9.945747,78.820184
Subam Hospital,hospital,9.943622,78.826682
Rohan Sekar Hospital,hospital,9.729667,77.285558
Jaisee Hospital,hospital,9.9255099,78.0976752
J.J Hospital,hospital,9.9242414,78.1414965
Sri Thandeeswarar Hospital,hospital,9.824588,78.257211
"Government Hospital, Kuppanasaripatti",hospital,9.933151,77.31977
Sethu Hospital,hospital,9.904166,78.1063942
Sugam Hospital,hospital,9.94163,77.971485
Lee Kidney Care,hospital,9.916672,78.0936579
Lakhshmi Hospital,hospital,9.9383929,78.1400635
Thiruvegampet Government Hospital,hospital,9.8301346,78.7857808
"Government Hospital, Devakottai",hospital,9.9504,78.813747
Priya Hospital,hospital,9.826532,77.990877
Rasi Hospital,hospital,9.9453203,78.0999129
"Government Hospital, Chinnamanur",hospital,9.8445521,77.3870903
Nirmal Hospital,hospital,9.951389,78.0985862
"Government Hospital, Sindalacherry",hospital,9.886637,77.3330577
Mercy Hospital,hospital,9.92411,78.0945727
"Government Hospital, Thiruppuvanam",hospital,9.8240865,78.2578695
Family Planning Of India,hospital,9.9155838,78.1029381
Balaji Nurshing Home,hospital,9.93239,78.100443
"Government Hospital, Uthamapalayam",hospital,9.804758,77.3284646
Saravana Multi Speciality Hospital,hospital,9.941448,78.125155
"Government Hospital, Thiruvadanai",hospital,9.782783,78.919394
Pandiaraj Maternity & Children's Hospital,hospital,9.918685,78.131511
Subam Hospital,hospital,9.8298382,77.990651
Suriya Hospital,hospital,9.950359,78.8180651
Chandrabai Hospital,hospital,9.9216108,78.0953562
Satharasan Kottai Government Hospital,hospital,9.7643731,78.5340622
"Government Hospital, Thondi",hospital,9.744103,79.018032
Peraiyur Government Hospital,hospital,9.7356123,77.7874801
Atchay Speciality Hospital,hospital,9.894279,78.083201
Udupi Hospital,hospital,10.1198406,77.5526264
Manamelkudi Government Hospital,hospital,10.03899,79.231469
"Government Hospital, Genguvarpatti",hospital,10.1730861,77.6957265
Dms Hospital Batalagundu,hospital,10.16486,77.756016
Silamarathupatti Government Hospital,hospital,9.9698082,77.354138
"Government Hospital, Aranthangi",hospital,10.180043,79.0001041
Sri Sudha Hospital,hospital,10.1751412,79.0008169
Vellalore Government Hospital,hospital,10.0015213,78.4066306
"Government Maruthupandiyar Hospital, Tiruppathur",hospital,10.110361,78.5930852
Sholavandan Government Hospital,hospital,10.0221088,77.963683
"Government Hospital, Chitalangudi",hospital,10.01559,78.026598
Pulankurichi Government Hospital,hospital,10.26867,78.592053
Government Hospital Pillayarnattha,hospital,10.118944,77.8596017
Kokila Hospital,hospital,10.04346,77.5067294
Government hospital Usilampatti,hospital,10.0388854,77.7942093
"Government Hospital, Sembanur",hospital,9.9955351,78.6361753
Government Hospital Avudaiyarkoil,hospital,10.0771979,79.0444243
"Government Hospital, Kilasevalpatti",hospital,10.1797736,78.6601024
Sri Vinayaga Hospital,hospital,10.01027,77.477495
"Government Hospital, Kandanur",hospital,10.10678,78.821222
SSM Hospital,hospital,10.1034334,78.7947189
Holy Redmer Hospital,hospital,10.0192934,77.4793619
"General Hospital, Natham",hospital,10.225826,78.228879
Sivasakthi Hospital,hospital,10.01524,77.482245
PKN Hospital,hospital,10.0822791,78.7769552
"Government Hospital, Keelavalavu",hospital,10.070696,78.4202076
"Palavangudi, Government Hospital",hospital,10.1339471,78.7217917
"Government Hospital, Kundrakudi",hospital,10.112947,78.7025156
Janaki Ram Hospital,hospital,10.1711279,78.9978366
Kamarajar Government Hospital,hospital,10.2888952,79.2022653
"Government Hospital, Andipatti",hospital,9.9995344,77.6181426
Pattiveeranpatti Government Hospital,hospital,10.2079238,77.7625804
Ksk Hospital,hospital,10.0108992,77.4805352
"Government Hospital, Subramaniyapuram",hospital,10.1769915,79.1228456
Vikkiramangalam Government Hospital,hospital,10.0075382,77.9254286
Multicare Hospital,hospital,10.0728827,78.7834656
Theni Medical College Hospital,hospital,10.0066725,77.5544208
Nattathi Nadar Multi Speciality Hospital,hospital,10.015163,77.4809614
"Women And Children Hospital, Pallathur",hospital,10.1429786,78.7991211
"Government Hospital, Katchakatti",hospital,10.0706108,77.9769219
Government Hospital Usilampatti,hospital,9.962405,77.7888264
Government Hospital Kanadukathan,hospital,10.1688874,78.78294
"Shanmuga Nursing Home, Chinnalapatty",hospital,10.2833383,77.9186852
Thambiran Maternity & Children Hospital,hospital,10.0751236,78.7797804
Vivek Hospital,hospital,10.0724504,78.7720621
Santhosh Hospital,hospital,10.1115396,78.6006272
Government Hospital Vadipatti,hospital,10.08188,77.965622
"Mudis Garden Hospital, Valparai",hospital,10.2780339,76.9272208
"Government Hospital, Periakulam",hospital,10.12323,77.532944
Thirumayam Government Hospital,hospital,10.2453541,78.746088
Poobathi Amma Hospital,hospital,9.9601197,77.7890349
"Government Hospital, Alanganallur",hospital,10.0491826,78.0909542
Shifa Hospital,hospital,10.1669627,78.9927538
Samayapuram Government Hospital,hospital,9.9763294,78.0472585
Kasthuriba Hospital,hospital,10.27923,77.923078
Kumararani Of Chettinad Mother Child & General Hospital,hospital,10.161048,78.777646
"Women And Children Hospital, Kothamangalam",hospital,10.1941782,78.8078953
"Women And Children Hospital, Paganeri",hospital,9.966038,78.58752
Rathnaa Fertility Centre,hospital,10.079994,78.7759596
"Government Hospital, Singampunari",hospital,10.1817572,78.4200874
Gayatri Medical Centre,hospital,10.0028417,77.4884713
"Government Hospital, Melur",hospital,10.0339165,78.3355924
Anbu Hospital,hospital,10.0265249,77.4796467
"Government Hospital, Kottampatti",hospital,10.2306281,78.3763516
Sri Balaji Hospital,hospital,10.0802903,78.7759168
"Government Hospital, Nerkuppai",hospital,10.2272825,78.5329705
"Government Hospital, Pannaikadu",hospital,10.2779747,77.6286687
"Government Hospital, Bodinayakkanur",hospital,10.01681,77.352466
Vidhya Hospital,hospital,10.1216397,77.5476801
"Government Hospital, Veerapandy",hospital,9.9608076,77.4332378
Anitha Hospital,hospital,10.58568,77.248727
Tamilnadu Hospital,hospital,10.66329,79.442415
"Thuvakudi,Government Hospital",hospital,10.75343,78.821829
Vilakkudi Goverment Hospital,hospital,10.58454,79.597212
"Government Hospital, Needamangalam",hospital,10.7689309,79.4156807
"Gkm Hospital,Manaparai",hospital,10.61241,78.425888
"Government Hospital, Kilvelur",hospital,10.7652339,79.7434518
"Prabhu Hospital, Pc Pollachi",hospital,10.66269,77.009684
Avm Hospital- Pollachi,hospital,10.66242,77.0030365
"Lakshmi Hospital, Udumalai",hospital,10.5824125,77.2476474
Mylampatty Government Hospital,hospital,10.7320815,78.2459642
Bharani Hospitals,hospital,10.76278,79.139549
"Thondarampattu,Government Hospital",hospital,10.56398,79.321141
"Government Hospital, Athikadai",hospital,10.7509025,79.5000913
U.K.Hospital - Udumalai,hospital,10.5845833,77.2514324
"Kowsalya Medical Centre, Pollachi",hospital,10.66299,77.010025
Sri Harini Hospital,hospital,10.7661543,79.8401373
Arthur Hospital,hospital,10.7644836,79.8449846
Chitra Hospital,hospital,10.6056931,78.4256873
Periyar Maniammai Hospitals,hospital,10.7294648,79.0718803
Thalainayar Government Hospital,hospital,10.5611244,79.7719613
Raaj Multispeciality Hospital,hospital,10.6624509,79.4490837
"Nivetha, Dharapuram",hospital,10.7308009,77.5236259
"S.N. Hospital, Pollachi",hospital,10.659567,77.0005675
"SK Medical Centre, Udumalpet",hospital,10.5845297,77.2486143
Kamakshi Hospital,hospital,10.6637256,79.4479981
Nagapattinam Government District Head Hospital,hospital,10.77246,79.843971
"Janani Hospital, Dharapuram",hospital,10.7294033,77.5210119
"Thirukuvalai, Head Quarter Government Hospital",hospital,10.6313018,79.7226477
"Sakthi Hospital, Pollachi",hospital,10.6629552,77.0106019
Surya Hospital,hospital,10.77481,79.6275997
Vignesh Nurshing Home - Udumalai,hospital,10.5805004,77.2508466
"JP Hospital, Pollachi",hospital,10.66024,77.0049
"Government Hospital, Keeranur",hospital,10.5740913,78.7840059
"Government Hospital, Pollachi",hospital,10.6581617,77.0098249
Thirumalai Hospital,hospital,10.6650579,77.005872
Government Hospital Kadavur,hospital,10.5945331,78.1758745
"Government Hospital,Mannargudi",hospital,10.66353,79.454174
"Gokul Polyclinic & Ct Scan Centre, Udumalpet",hospital,10.58378,77.252591
"Government Hospital, Aravakurtchi",hospital,10.77208,77.909648
"Moorthy Hospital, Udumalai",hospital,10.6220772,77.1484896
Krishna Child Care Centre,hospital,10.7701377,79.1343815
Pallapatti Government Hospital,hospital,10.72384,77.891681
Orathanadu Government Hospital,hospital,10.62866,79.251988
Megala Nh Keeranur,hospital,10.5758917,78.7827269
"Government Hospital, Gandarvakottai",hospital,10.5730963,79.0154554
Vijayapuram Government hospital,hospital,10.7639635,79.6423297
Pills Hospital,hospital,10.66419,77.010376
"ShreeHospital ,Negamam",hospital,10.7433038,77.1003106
ARVI Hospital,hospital,10.58528,77.249095
"Shanthi Hospital, Pollachi",hospital,10.6631858,77.0149942
"Government Hospital, Neerpalani",hospital,10.62088,78.707083
"Government Hospital, Aniyapoor",hospital,10.672737,78.32575
"Dr. V.V.R. Hospital, Thanjavur",hospital,10.76872,79.138276
Vadugapalayam Government Hospital,hospital,10.66878,76.9951891
"Ponnaiah Hospital, Dharapuram",hospital,10.72916,77.520131
Manapparai Government Hospital,hospital,10.6062523,78.4251816
"Thogamalai,Government Hospital",hospital,10.7268532,78.4097304
Prathabaramapuram Goverment Hospital,hospital,10.64893,79.83741
Tiruvarur Medical Centre,hospital,10.7745978,79.6279725
"Surya Hospital, Pollachi",hospital,10.6627371,77.0122918
"Ramana Hospital, Dharapuram",hospital,10.7351092,77.517107
Vst Sri Shakthi Hospital,hospital,10.7745616,79.6295782
"Arun Hospital, Pollachi",hospital,10.6625657,77.0129734
Thanjavoor Cancer Hospital,hospital,10.73394,79.112161
Koovakkapatti Government Hospital,hospital,10.5722,77.988726
Akshitha Hospital,hospital,10.6618278,79.4581285
"Government Hospital, Vettaikaranputhur",hospital,10.564213,76.9196298
"Government Hospital, Kovilur",hospital,10.596101,78.0784055
Podaturpet Government Hospital,hospital,13.2791083,79.4822937
Madhavaram Government Hospital,hospital,13.163539,80.2430669
Pallipattu Government Hospital,hospital,13.33715,79.46618
"Tiruthani, Government Hospital",hospital,13.1742299,79.619808
Ponneri Government Hospital,hospital,13.3329987,80.1972536
"Govt Hospital, Alamathi",hospital,13.2097678,80.1121208
Government Hospital Vanganur,hospital,13.1860003,79.4600028
Swasthik Health Care center,hospital,13.1297134,80.2506039
"Government Hospital, Uthukottai",hospital,13.3327639,79.8983401
NRV Hospital,hospital,13.13468,80.243196
"Government Hospital, Gummudipoondi",hospital,13.4160912,80.1296667
Sugam Hospital,hospital,13.1685958,80.3042862
"Government Hospital, Velliyur",hospital,13.2177207,80.0117462
"Government Hospital, R.K.Pet",hospital,13.1625,79.4314794
Government Hospital Kadhavoor,hospital,13.1783047,80.0612608
"Government Hospital, Nachandupatti",hospital,10.3186438,78.7226645
Soba General Hospital,hospital,10.3652378,77.9719571
Sankara Hospital,hospital,10.3628074,77.9829745
"Government Hospital, Vedaranyam",hospital,10.378089,79.8520352
SK Hospital,hospital,10.393142,78.8259349
Sri Ram Dental Hospital,hospital,10.3798765,78.8197243
Thandikudi District Hospital,hospital,10.308969,77.6435935
"Government Hospital, Neduvasal",hospital,10.3562841,79.1356727
Raksha Hospitals,hospital,10.3730442,77.9813474
Dharshini Hospital,hospital,10.3692822,77.9767258
Thuvarankurichi Government Hospital,hospital,10.3855289,78.3794484
Shahin Hospital,hospital,10.349691,77.9798761
Mamalar Hospital,hospital,10.3803586,78.8168898
"Pannimedu Hospital, Valparai",hospital,10.325588,76.9555929
"Jaya Hospital, Dindigul",hospital,10.3638722,77.9904813
Sanjeveeni Hospital,hospital,10.380388,78.8185837
"Kar Health Centre , Dindigul",hospital,10.3606634,77.9824861
Guhan Hospital,hospital,10.37585,77.972711
"Sangeerani Hospital, Dindigul",hospital,10.35906,77.968456
Kannan Hospital,hospital,10.3685078,77.9782586
J C B Hospital,hospital,10.366409,77.9774456
Manimegalai Medical Centre,hospital,10.387148,78.8144776
"Government Hospital, Valparai",hospital,10.329979,76.957798
Praveen Hospital,hospital,10.3809387,78.8183526
Shree Meenakshi Multispeciality Hospital,hospital,10.37955,78.823064
Vishnu Suriya Hospital Dindigul,hospital,10.3627892,77.9822757
Sai Hospitals Dindigul,hospital,10.374819,77.9896618
"Government Hospital, Siruvaviduthi",hospital,10.3570625,79.1760488
Fathima Hospital Dindigul,hospital,10.3519815,77.9662967
"Government Hospital, Karuppampulam",hospital,10.3894704,79.7892774
Government Hospital Vadakadu,hospital,10.3499826,79.050843
Vignesh Hospital,hospital,10.36719,77.976034
"Thottauthu,Government Hospital",hospital,10.3399256,78.0180239
Saratha Hospital,hospital,10.3638774,77.9719559
Goverment Hospital Vadamadurai,hospital,10.43637,78.087812
Vel Multispeciality Hospital,hospital,10.4598547,77.5127337
"Government Hospital, Ammarapoondi",hospital,10.51799,77.575279
Government Hospital-Sriramapuram,hospital,10.435557,77.8061096
"Goverment Hospital, Ayyalur",hospital,10.4930815,78.1669977
Sri Kumaran Hospital,hospital,10.42154,79.32083
Valanadu Government Hospital,hospital,10.44876,78.479999
"Government Hospital, Vedasendur",hospital,10.528397,77.9548262
Thiruvonam government hospital,hospital,10.50433,79.153308
"Dr. Tak Hospital, Pattukkottai",hospital,10.42416,79.318564
Government Hospital Kalapal,hospital,10.54426,79.54749
Rajam Maternity Hospital,hospital,10.4212764,79.3189422
"Government Hospital, Balasamuthram",hospital,10.4195778,77.5017447
Christian Fellow Ship Hospital Oddanchatram,hospital,10.4879599,77.7520144
Priya Hospital,hospital,10.4139397,79.3241498
"KG Hospital, Palani",hospital,10.4493418,77.5181043
Pappankulam Government Hospital,hospital,10.5272441,77.3238812
"Government Hospital, Thadicombu",hospital,10.4384149,77.9550422
"Government Hospital, Jallipatti",hospital,10.5074374,77.203841
"Government hospital,Vellalaviduthy",hospital,10.507413,79.0791899
Np Hospital Oddanchatram,hospital,10.4938688,77.7459828
"Goverment Hospital, Ayakudi",hospital,10.45663,77.562324
"Government Hospital, Idumbavanam",hospital,10.42032,79.593648
"Government Hospital, Cauvery Nagar",hospital,10.4756913,78.7979659
"Government Hospital, Tiruthuraipoondi",hospital,10.53,79.643497
Puthanatham Government Hospital,hospital,10.46598,78.366786
"Government Hospital, Annavasal",hospital,10.4578245,78.7028625
Amman Hospital,hospital,10.499044,77.7471517
Annai Hospital,hospital,10.42448,79.315612
"Government Hospital, Narikkalpatti",hospital,10.54006,77.473297
Ds Hospital Palani,hospital,10.4511464,77.5191526
"Sri Kalaivani Hospital, Kottur, Pollachi",hospital,10.5395969,76.9819098
Sai Krishna Women's Hospital,hospital,10.4497,77.521652
"Government Hospital, Thirumakottai",hospital,10.5354464,79.4585806
Government Hospital Palani,hospital,10.44856,77.516727
"Government Hospital, Illuppur",hospital,10.5117513,78.6239325
Government Hospital Karambakkudi,hospital,10.45721,79.14039
"Government Hospital, Naluvedapathi",hospital,10.5037796,79.8399625
"Anbu Hospital, Oddanchatram",hospital,10.4986865,77.7462825
K R Hospital,hospital,10.4895885,77.7470301
Pattukottai Government Hospital,hospital,10.42116,79.317879
"Government Hospital, Komaralingam",hospital,10.48788,77.349253
Mani multispeciality Hospital,hospital,10.5324,79.640111
Govt Kilpauk Medical College Hospital,hospital,13.07832,80.243753
"Government Hospital, Nemam",hospital,13.0747057,80.01998
Rasi Hospital,hospital,13.12038,80.285818
Government Maternity And Child Hospital,hospital,13.0991743,80.2301988
Cloudnine Hospital - Chennai,hospital,13.0433937,80.2461174
Paratharami Government Hospital,hospital,13.062703,78.9720516
Shifa Hospital And Reasearch Centre,hospital,13.061988,80.2745135
"Government Hospital, Sholingar",hospital,13.11228,79.420703
Govt. Stanley Hospital,hospital,13.10618,80.286804
Subam Specialities Hospitals,hospital,13.0469783,80.1895003
Srisaihospital With Matrinity Facility,hospital,13.0692631,80.1799109
Govt Peripheral Hospital Periyar Nagar,hospital,13.1153048,80.2233851
Be Well Hospital,hospital,13.0431134,80.2453103
Hera Hospital,hospital,13.0508643,80.1922458
Government Unani Hospital,hospital,13.1129012,80.2957982
Meenakshi Hospital & Childrens Hospital,hospital,13.0586646,80.2428501
Tanker Dialysis Foundation Unit,hospital,13.09041,80.175293
Hiba Hospital,hospital,13.0616195,80.275793
A.R.A Hospital For Women,hospital,13.0508818,80.2735131
Priyas Medical Centre,hospital,13.0594024,80.1954415
Dr. Rai Memorial Medical Centre,hospital,13.044837,80.2475507
Medway Hospitals,hospital,13.0535971,80.2275376
Seven Wells Hospital,hospital,13.0993782,80.2825418
Government Hospital,hospital,13.068807,80.2672078
Standard Hospital,hospital,13.0524675,80.1898468
Chennai Corporation Hospital,hospital,13.1142928,80.2844517
Guru Raghavendra Hospital,hospital,13.0410091,80.1964532
Varadarajapuram Government Hospitals,hospital,13.1126809,80.153358
Seethapathy clinic & Hospital,hospital,13.0487028,80.2645448
Kvt Health Speciality Hospital,hospital,13.1267531,80.2489796
Sakthi Hospital &Reasearch Centre Helath Care Organization,hospital,13.0572714,80.2757357
Women And Children Foundation Hospitals T-Nagar,hospital,13.0480821,80.2329957
Dr.Rai Cbcc Centre,hospital,13.05562,80.124419
Annai multispeciality hospital,hospital,13.0538856,80.1927125
Firm Hospital,hospital,13.0916464,80.2139939
Thiruninravur Government Hospital,hospital,13.11573,80.026717
The Best Hospital Private Ltd,hospital,13.0535089,80.2195494
Chennai Corporation Hospital,hospital,13.0887,80.256712
Triplicane Government Hospital,hospital,13.060986,80.2747981
"Kalpana Hospital, Sholinghur",hospital,13.1152488,79.4209593
Government Hospital For Ladies And Children,hospital,13.0590564,80.1928218
SIMS Hospital,hospital,13.0561828,80.2478331
Vimal Hospital - Tiruppur,hospital,11.09742,77.349707
Sri Harini Matarnity Hospital,hospital,11.1477052,78.5968646
"Life Guard, Tiruppur",hospital,11.07895,77.34231
"Government Hospital, Tharangambadi",hospital,11.03082,79.851877
RS Hospital,hospital,11.0778911,77.8842359
"Geethasree Hospital, Coimbatore",hospital,11.07196,77.002444
"Balaji Hospital, Sulur",hospital,11.0277947,77.1298133
PN Hospital - Tiruppur,hospital,11.09041,77.348581
Bethany Medical Centre,hospital,11.1119003,76.7638687
"Government Hospital, Thuraiyur",hospital,11.1520465,78.612295
"Vishnu Medical Centre, Tiruppur",hospital,11.12036,77.350179
"Government Hospital, Alunthalaipur",hospital,11.0510969,78.9109944
Mettupalayam Government Hospital,hospital,11.1188103,77.3402183
"J.M.Hospital, Edayarpalayam",hospital,11.04984,76.918862
"Government Hospital, Jayarampuram",hospital,11.11662,77.71053
Annai Hospital,hospital,11.1392605,78.5914772
AR Medical Centre,hospital,11.04788,76.971976
"NSK Hospital, Tiruppur",hospital,11.0961562,77.3494699
Maruthu Hospital,hospital,11.1470283,78.5957001
"Kamalaprakasam, Kalapatti",hospital,11.0778,77.035681
Coimbatore Medical College Hospital,hospital,11.0289285,77.0237553
Sree Aswika Hospital - Tiruppur,hospital,11.09995,77.362796
"Government Hospital, Manmangalam",hospital,11.0275504,78.0646437
"Divya Hospital, Tiruppur",hospital,11.0874791,77.3471518
Aachi Hospital,hospital,11.11017,78.007066
Diviyapriya Hospital,hospital,11.1504756,78.5980341
"Goverment Hospital, Nallur",hospital,11.0843901,77.4463723
"Revathy Hospital, Tiruppur",hospital,11.1202413,77.3291542
Sakthi Sugam Hospital - Tiruppur,hospital,11.1151517,77.3621541
R.R Hospital,hospital,11.1392388,79.0705797
SS Hospital Coimbatore,hospital,11.04761,77.000115
Sundram Hospital - Tiruppur,hospital,11.0998397,77.3554943
S.R Hospital,hospital,11.1376931,79.0732805
Nivedha Hospital,hospital,11.1363299,79.0724867
Kandamalai Hospital,hospital,11.06188,78.139324
MM Hospital,hospital,11.14653,79.071626
Vagai Government Hospital,hospital,11.1443519,77.1325092
Akila Hospital,hospital,11.0766996,77.8849172
"Hem Hospital- Thudiaylur, Coimbatore",hospital,11.0757442,76.9424139
Government Hospital Kabilarmalai,hospital,11.14198,77.948375
K. J. HOSPITAL,hospital,11.0726166,79.557717
Padalur Government Hospital,hospital,11.0866241,78.8323535
Sree Saran Medical Centre,hospital,11.1488,77.346725
"Governmemt Hospital, Somanur",hospital,11.0839439,77.189266
"Government Hospital, Kodumudi",hospital,11.0818941,77.8843873
"Government Hospital, Sivagiri",hospital,11.1281041,77.7893311
"Rams Hospital, Tiruppur",hospital,11.1169009,77.3329355
Tirupur TSK Government Hospital,hospital,11.1150948,77.3344919
"Sankara Hospital , Tiruppur",hospital,11.0996262,77.3440224
"Niranjana Hospital Anupparpalayam,Tiruppur",hospital,11.1363086,77.3200071
"Harini Shravan, Coimbatore",hospital,11.0703318,77.0005452
"Tirupanandal, Government Hospital",hospital,11.0907399,79.4527891
"Royal Care Hospital, Coimbatore",hospital,11.059106,77.0893479
Governement Hospital - Omandur,hospital,11.0333293,78.672236
Saravana Hospital,hospital,11.0759985,77.8853959
Ramana Gounder Medical Trust Hospital,hospital,11.0753938,76.939234
"Government Hospital, Mayiladuthurai",hospital,11.10171,79.647058
"Bishop Walsh Memorial Hospital, Coimbatore",hospital,11.07251,76.871537
Malar Hpl Goundanpalayam,hospital,11.0437293,76.9475494
Sai Hospital,hospital,11.0904781,76.9383967
"Tiruppur, Government Hospital",hospital,11.083827,77.3634797
Pavithra Medical Centre,hospital,11.08088,76.869337
Kvs Hospital,hospital,11.12635,79.089538
"V.R.Hospital, Coimbatore",hospital,11.05642,77.001972
"Government Hospital, Mohanur",hospital,11.0556427,78.1399331
Dr V Muthu Ram Bone And Joint Hospital,hospital,11.0994279,79.653919
KMS Hospital,hospital,11.1363839,79.0707702
"Sri Ganapathy Hospital, Tiruppur",hospital,11.0985596,77.3552181
Krishna Hospital,hospital,11.0981404,79.6530926
Madhana Hospital,hospital,11.10372,79.64827
"Government Hospital, Ariyalur",hospital,11.1426837,79.0697679
"Government Hospital, Velauthapalayam",hospital,11.0729521,78.0023123
"Government Hospital, Kuthalam",hospital,11.0723371,79.5592353
Sree Subiksha Hospital,hospital,11.0287,76.897449
Vimal Jothi Hospital,hospital,11.0892,77.008366
"Government Hospital, Alampatti",hospital,11.0808572,78.2233044
"Government Hospital, Valayapatty",hospital,11.1212591,78.2315962
"Sangavi Hospital, Mannarai, Tiruppur",hospital,11.1199706,77.3705215
Guhan Hospital,hospital,11.0990485,79.6532549
Meenakshi Hospital - Tiruppur,hospital,11.07082,77.369519
"Sampath Hospital ,S.S.Kulam",hospital,11.1339,77.034088
"Government Hospital, Kodavasl",hospital,10.86329,79.478602
"Government Hospital, D.Gudulore",hospital,10.79139,78.128273
Nachiyarkovil Government Hospital,hospital,10.9198631,79.4436102
Panjapatti Government Hospital,hospital,10.83121,78.310053
S. P. Hospital,hospital,10.955683,79.3917023
"Ambal Malumichampatty, Coimbatore",hospital,10.90265,76.997586
Dr. Jayanthi Hospital,hospital,10.9531613,78.4438447
Sana Hospital,hospital,10.82071,78.6793343
"Government Hospital, Valangaiman",hospital,10.8882215,79.3943266
Goverment Hospital Kannaivadi,hospital,10.81681,77.78443
Pullambadi Government Hospital,hospital,10.949095,78.911099
"Varthini Hospital,Thiruvaiyaru",hospital,10.8829871,79.1047595
Vellakoil Government Hospital,hospital,10.9410661,77.7110372
Seesha - Karunya Rural Community Hospital,hospital,10.9385845,76.7416507
"Government Hospital, Krishnarayapuram",hospital,10.9318884,78.2739118
"Govt, community Health Center, Melattur",hospital,10.8581061,79.2411564
"Government Hospital, Ammapet",hospital,10.792407,79.3188126
Aditi Hospital,hospital,10.7898308,78.6968401
Prakash Hospital,hospital,10.85157,77.846321
Kamatchi Hospital,hospital,10.9069,78.698906
"Government Hospital, Madukkarai",hospital,10.9037986,76.9635381
Jeyam Multispeciality Hospital,hospital,10.8290124,78.6861656
Chennai Medical College and Hospital,hospital,10.9545278,78.7552009
"Government Hospital, Alangudi",hospital,10.827585,79.4051244
"KG Hospital, Vellakoil",hospital,10.9511,77.714116
Parvathi Hospital,hospital,10.7767417,79.6289084
"Viswanathapuri,Government Hospital",hospital,10.94979,78.014372
Kauvery Hospital,hospital,10.8167432,78.6810429
"Government Hospital, Musiri",hospital,10.94968,78.44495
ABS Hospital,hospital,10.94315,78.089194
"Government General Taluk Hospital, Nannilam",hospital,10.87913,79.611294
Sundaram Hospital,hospital,10.8138963,78.6775833
"Government Hospital, Chinadarapuram",hospital,10.8594445,77.8485824
Papanasam Government Hospital,hospital,10.9257241,79.263336
Natraj Hospital,hospital,10.9042796,76.9586654
"I.J.Hospital, Kuniayamuthur, Coimbatore",hospital,10.95365,76.955989
Arun Medical Centre,hospital,10.77695,79.636706
"Government Hospital, Kinathukadavu",hospital,10.82107,77.017406
Shre Venkteswar Hospital,hospital,10.77581,79.628467
"Government Hospital, Thayampalayam",hospital,10.88012,77.487323
Rmc Rathna Medical Uro & Ivf Centre,hospital,10.8140735,78.6697124
S.S Hospital,hospital,10.9434493,78.0900762
"Government Hospital, Koduvai",hospital,10.9421891,77.438567
Mahatma Gandhi Memorial Government Hospital,hospital,10.8114583,78.6776904
Pankajam Hospital,hospital,10.85646,78.692248
"Government Hospital, Enamkiliyur",hospital,10.92104,79.317539
"Government Hospital, Kodangipatti",hospital,10.91425,78.078034
S.R. Hospital,hospital,10.78088,79.131936
Sri Venkateswara Kinnathukadavu,hospital,10.8241085,77.0191884
"Government Hospital, Murukkangudi",hospital,10.9509307,79.4498618
Thiruvarur Medical College Hospital,hospital,10.7759131,79.6025845
Sakthi Hospital,hospital,10.8824,78.819608
Government Hospital Kabisthalam,hospital,10.9423383,79.2510765
Thirumanur Goverment Hospital,hospital,10.93768,79.098546
Srivanchiyam Goverment hospital,hospital,10.87047,79.573884
K. A. P. Viswanathan Government Medical College Hospital,hospital,10.79729,78.678497
Thirukattupalli Government hospital,hospital,10.8488396,78.9550998
"Government Hospital, Manachanalur",hospital,10.9152259,78.7013631
"Abirami Hospital, Coimbatore",hospital,10.95254,76.973201
Sirumayankudi Government Hospital,hospital,10.8938222,78.8603617
"Ganapathy Pc Sundarapuram,",hospital,10.9521673,76.9758815
Nagore Government Hospital,hospital,10.81877,79.838577
Meeramohan Hospital,hospital,10.9504,78.44263
"Government Hospital, Lalgudi",hospital,10.87905,78.818491
Thirumarugal Government Hospital,hospital,10.8712001,79.7447057
Government Hospital Thiruvidachery,hospital,10.8706705,79.5296812
Ponnaiah Hospital,hospital,11.0108047,76.9530054
"Rani Nursing Home, Selvapuram, Coimbatore",hospital,10.9871756,76.9392029
"Shree Hospital, Puliakulam, Coimbatore",hospital,11.0064832,76.9914482
"Sri Meenakshi Hospital, Kuniamuthur",hospital,10.9567349,76.9544328
Shanmuga Hospital Rs Puram,hospital,11.0029,76.948869
"Government Hospital, Sulur",hospital,11.0247544,77.1228621
Singanallur Government Hospital,hospital,11.0011,77.033733
Podanur Government Hospital,hospital,10.9664096,76.9870623
"Jeevan Clinic and Hospital, Coimbatore",hospital,11.019947,76.9670891
"Medwin Hospital, Coimbatore",hospital,10.9972946,77.0051728
Palladam Government Hospital,hospital,10.9962561,77.2803585
G.C Hospital,hospital,10.96227,78.0776757
Sudha Hospital,hospital,11.0168278,76.9758131
"I.C.C Hospital For Women & Children, Coimbatore",hospital,10.9958251,76.9634777
Government Hospital Kariyamanickam,hospital,11.0110261,78.7293654
"SIBI Hospital, Vellakoil",hospital,10.9569141,77.7160216
Abirami Maternity Centre,hospital,10.9559564,78.0809939
Poraiyar Government Hospital,hospital,11.02416,79.83812
"Government Hospital, Kuruchi",hospital,10.9638671,76.97122
"Peoples Medical Centre, Coimbatore",hospital,11.0217448,77.0603524
"VGM Hospital, Coimbatore",hospital,10.99819,77.014447
Meenakshi maternity & woman care Hospital,hospital,10.9634371,79.3927855
"Sanjeevi Hospital, Palladam",hospital,10.9963103,77.2800924
"Abishek Ortho Center, Karur",hospital,10.9624485,78.059568
Thiruvidaimaruthur Government Hospital,hospital,10.99508,79.449809
"Government Medical College Hospital, Karur",hospital,10.9615927,78.080414
"Goverment Hospital, Aduthurai",hospital,11.014098,79.4839559
Government Hospital Kanakiliyanallur,hospital,10.9921,78.880442
Apollo Hospital,hospital,10.96044,78.064468
Iniya Hospital,hospital,10.96042,79.388125
"Roselet Medical Centre,Coimbatore",hospital,11.01005,77.008874
"Government Hospital, Thottiyam",hospital,10.98388,78.338648
"Sabari Hospital, Coimbatore",hospital,11.0254441,76.939724
Raksha Medical Centre,hospital,10.95665,76.987019
"Dr.Manoharan Hospital, Thadagam, Coimbatore",hospital,11.0067511,76.9452484
"Sengottaiah Hospital, Coimbatore",hospital,11.0225148,76.9601579
"Sangeetha Hospital, Kuniyamuthur",hospital,10.9641042,76.9562562
"Seetharam Hospital, Coimbatore",hospital,10.99941,76.948495
Preethi Medical Centre,hospital,11.0208486,76.9649585
ERS Hospital,hospital,10.9632134,78.0755593
"Ishaiah Hospital, Coimbatore",hospital,11.0154329,76.9779193
Balaji Hospital,hospital,10.9936939,77.2849449
Manu Hospital- Coimbatore,hospital,10.99147,76.976787
Arvind hospital - Kangayam,hospital,11.0092458,77.5569869
Ammaiyappa Hospital,hospital,10.95901,78.072469
Saraswathi Hospital,hospital,11.0069868,77.071368
Akshaya Maternity Center,hospital,11.02567,76.902176
Coimbatore Corporation Maternity Centre,hospital,11.0068267,76.9668812
Dr.Agarwals Eye Hospital,hospital,10.968886,79.3973877
"Muniyappa Hospital, Coimbatore",hospital,11.0060689,76.9527967
"Rajalakshmi Hospital, Coimbatore",hospital,11.0044176,76.9503459
Sivashantha Mother & Child Health Centre,hospital,11.0231222,76.9136781
"Vela Hospital, Singanallur, Coimbatore",hospital,11.0017873,77.0300545
"Guru Kirupa Hospital, Pn Palayam, Coimbatore",hospital,10.9995252,76.9511992
Sathyan Eye Care Hospital & Coimbatore Glaucoma Foundation,hospital,10.9980405,77.0009615
Ponni Hospital - Palladam,hospital,10.9965327,77.2758865
St. Mary's Hospital,hospital,10.9626641,76.98594
"Thondamuthur, Government Hospital",hospital,10.9917607,76.8421063
"Revathi Hospital, Selvapuram",hospital,10.9882483,76.9400963
Ram's N.R. Hospital,hospital,10.9577657,79.3903385
Nehru Urology Centre,hospital,11.0248525,76.9943296
ESI Kumbakonam,hospital,10.96921,79.385631
"Om Sakthi Hospital, Coimbatore",hospital,11.00282,76.988996
"Government Hospital, Kumbakonam",hospital,10.9686765,79.386243
Priyanka Hospital,hospital,10.9633717,78.078259
Sri Bala Medical Centre Hospital,hospital,10.9967187,76.9954568
St. Anne's Hospital,hospital,10.9627796,79.3885972
Santhiya Hospital,hospital,10.9950877,76.9746602
Government Hospital Karadivavi,hospital,10.961828,77.1943977
G.V Hospital,hospital,10.9607995,78.0773831
Samyuktaa Maternity Hospital,hospital,12.9174209,80.0801055
"Goverment Hospital, Avaloor",hospital,12.7847085,79.8034304
Poigai Government Hospital,hospital,12.9153169,79.0567052
ESI Krishnagiri,hospital,12.7570375,77.7990046
Government Hospital Valayathur,hospital,12.7524375,79.3231948
Christhudass Hospital,hospital,12.8515647,80.0666869
Vanavil Medical Centre,hospital,12.7988384,80.0239066
"Varshini Hospital, Vellore",hospital,12.9059984,79.1355217
APJ Hospital,hospital,12.7947227,79.8162415
Arun Hospital,hospital,12.9030309,79.1334705
Pasumathur Government Hospital,hospital,12.9314139,78.9425135
K.R. Hospital,hospital,12.842395,80.0576052
Government Pentland Hospital,hospital,12.9156633,79.1346498
"Mummy Hospital, Vellore",hospital,12.91051,79.131432
Vellore District Headquarters Hospital,hospital,12.92618,79.356932
Tagore Medical College Hospital,hospital,12.8601332,80.1358744
"Fathima Hospital, Arcot",hospital,12.90728,79.321982
Vellore Medical College And Hospital,hospital,12.8441327,79.1366903
Panapakkam Government Hospital,hospital,12.92373,79.5692632
Vembakkam Government Hospital,hospital,12.7876147,79.5866845
Rafeeq Hospital,hospital,12.78308,78.71726
Life Care Hospital,hospital,12.8339602,79.7112432
"Dinesh Hospital, Vellore",hospital,12.872987,79.133123
Senthil Maternity Centre,hospital,12.8240725,79.7027152
Janani Hospital,hospital,12.7520976,77.8031203
Venkatasamuthiram Government Hospital,hospital,12.796293,78.6894225
"Ponnambalam Hospital, Arcot",hospital,12.9054186,79.3266847
Apollo KH Hospital,hospital,12.92235,79.275025
BMS Multi-speciality Hospital,hospital,12.7483681,77.8063928
Rajeswari Hospital,hospital,12.9220358,79.3297935
Shri Isari Velan Hospital,hospital,12.846693,80.1972613
"Government Hospital, Athimugam",hospital,12.75279,77.981798
Krishna Medical Centre,hospital,12.74089,77.825359
Government Hospital Ambur,hospital,12.78666,78.716907
Arcot Govt Hospital,hospital,12.9039497,79.3333331
Emmess Women Care Centre,hospital,12.8352114,79.7106784
Government Hospital Kalavai,hospital,12.7695119,79.4121212
"Government Hospital, Kancheepuram",hospital,12.83311,79.710257
Vn Allergy & Asthma Research Centre,hospital,12.9275229,80.1125421
Sakthi Hospital,hospital,12.76057,80.002486
Suraj Hospital,hospital,12.9107782,80.1967559
"Sri Narayani Hospital & Research Centre, Ariyur",hospital,12.8704789,79.0900539
Bethesda Medical Mission Hospital,hospital,12.92622,80.102998
Dr. Santhakumari Hospital,hospital,12.908625,79.1255813
Walajapet Government Hospital,hospital,12.924747,79.3576004
"Government Hospital, Hosur",hospital,12.79191,77.805507
Lakshmi Hospital,hospital,12.838737,79.7020262
"Government Hospital, Sendurai",hospital,11.2533333,79.1798992
Devi Hospital,hospital,11.243089,78.8936535
Niranjan Hospital,hospital,11.24049,78.864306
Kumar Hospital,hospital,11.2399772,79.7346939
"Government Hospital, Perundurai",hospital,11.2760337,77.5874483
Ganesh Hospital,hospital,11.3558742,77.3204667
Seera Hospital,hospital,11.2383167,79.7373347
Manjoor Government Hospital,hospital,11.2681786,76.6406051
Sowmiya Hospital,hospital,11.2377363,76.9652218
Veerappanchataram Government Hospital,hospital,11.34858,77.713203
SG MET Hospital,hospital,11.34467,77.720405
Vallampadugai Government Hospital,hospital,11.3437625,79.7090469
CFA Hospital,hospital,11.3669222,76.7662126
Priya Hospital,hospital,11.2761,77.584773
Government Hospital,hospital,11.3560512,77.1689477
"Government Hospital, Meensurutty",hospital,11.2379007,79.478418
"Government Hospital, Perambalur",hospital,11.2365797,78.8606605
Kumudha Hospital,hospital,11.3467172,77.7306797
Government Hospital Kadachanallur,hospital,11.36702,77.804315
Palayamkottai Government Hospital,hospital,11.3614558,79.4713083
"Government Hospital, Ithalar",hospital,11.3419316,76.6359393
"KR Hospital, Karamadai",hospital,11.23934,76.962781
Sharmila Hospital,hospital,11.2750491,79.550311
Vasan Eye Care-Coonoor,hospital,11.3482198,76.7956641
Madhu Hospital,hospital,11.2364668,78.8853269
MTR Hospital,hospital,11.2409014,78.8661237
Devi Hospital,hospital,11.34116,77.718307
S R Hospital,hospital,11.3587931,77.7030647
Vijayamangalm Government Hospital,hospital,11.2382827,77.501687
Keerthana Hospital,hospital,11.2365339,77.7772287
Arun Hospital,hospital,11.3447248,77.7138215
Abisek Medical Centre,hospital,11.3415975,77.7191789
Vivekananda Medical Care Hospital,hospital,11.364562,77.9482668
Ponparapi Government Hospital,hospital,11.2691534,79.2346675
Dhanvantri Critical Care Centre,hospital,11.35099,77.730508
"Goverment Hospital, Nallur",hospital,11.2679698,77.946863
"Government Hospital, Annur",hospital,11.2325,77.102249
"Dj Jothipuram, Coimbatore",hospital,11.16107,76.946818
"Government Hospital, Eragudi",hospital,11.18918,78.510035
Villiyanallur Goverment Hospitals,hospital,11.16576,79.632367
Venkatesan Hospital,hospital,11.2352523,78.8754809
"Goverment Hospital, Avinashi",hospital,11.19478,77.26882
"Government Hospital, Sirkazhi",hospital,11.2353489,79.7353952
C.M. Speciality Hospital and Jaya Lizarov Centre,hospital,11.2122571,78.1697107
"Sri Avinashiappar Nursing Home, Avinashi",hospital,11.18697,77.270061
Ganga Hospital,hospital,11.21742,78.170272
"Government Hospital, Elumathur",hospital,11.18533,77.772496
"Government Hospital, Vaitheeswarankovil",hospital,11.1943711,79.7049199
Aishwarya Hospital,hospital,11.2164042,78.1715972
Shanmuga Heart Centre,hospital,11.22124,78.163711
"Manimegalai Hospital, Avinashi",hospital,11.188067,77.2763303
NM Hospital,hospital,11.23271,77.10187
Shanthi Medical Foundation,hospital,11.232428,77.1016701
Nivarithi Hospital,hospital,11.168874,76.9536715
AVR Pranav Hospital,hospital,11.21364,79.364732
Akshitha Hospital- Perumanallur,hospital,11.2050424,77.3584876
"Government General Hospital, Kadugur",hospital,11.1694117,79.1495343
"Government Hospital, Adhanur",hospital,11.18348,78.99746
"Government Hospital, Jayamkondan",hospital,11.209725,79.3663872
Fathima Hospital,hospital,11.2074,79.367169
Divya Hospital,hospital,11.17586,77.600701
"Government Hospital, Udayarpalayam",hospital,11.18799,79.2907296
"Sri Karunambikai Hospital, Avinashi",hospital,11.1950054,77.2681598
Manalmedu Government Hospital,hospital,11.1946466,79.594405
Mangalam Hospital,hospital,11.21149,79.362231
R.G. Hospital,hospital,11.23188,77.100705
Malarpriya Medical Centre - Tiruppur,hospital,11.16584,77.351437
"Government Hospital, Perianaickenpalaym",hospital,11.1520934,76.9465875
"Thangam Hospital,Namakkal",hospital,11.21472,78.171857
Government Hospital Uttukuli,hospital,11.17674,77.454355
Saveetha Medical College Hospital,hospital,13.0246229,80.0173334
"Gopalakrishna Hospital, Gudiyatham",hospital,12.9453972,78.8685493
Pandian Hospital,hospital,12.9654914,79.9452452
Sri Muthukumaran Medical College Hospital & Research Institute,hospital,13.01822,80.108873
Government Hospital Kangkuppam,hospital,12.9893488,78.9656826
"Government Hospital, Vaduganthangal",hospital,12.96365,79.015876
Sunrays Laproscopic Centre,hospital,13.0319129,80.2099892
"Baba Hospital, Sathuvachari",hospital,12.93425,79.158739
Sriramachandra Hospital,hospital,13.0374439,80.1444537
Goverment Hospital Punnai,hospital,12.9805165,79.6047908
Chinna Porur Government Hospital,hospital,13.0369528,80.169935
Arun Hospital,hospital,12.9408644,80.1828683
Motherhood Hospital,hospital,13.0312006,80.2511993
"Government Hospital, Adyar",hospital,12.9979497,80.2562121
Shree Eye & Maternity Hospital,hospital,12.9521921,80.1442251
"Ruhsa, Kavanur",hospital,12.95111,78.971831
Sarada Multispeciality Hospital,hospital,12.93239,79.156815
Gunasekaran Hospitals Pvt.Ltd,hospital,13.0374624,80.2389389
Annaii Medical College & Hospital,hospital,12.97103,79.976397
"Government Hospital, Tambaram",hospital,12.94505,80.13456
"Government Hospital, Banavaram",hospital,13.0153378,79.4863711
Government Hospital K.V.Kuppam,hospital,12.9622,78.987091
Vijayam Hospital & Fertility Centre,hospital,12.95866,80.187198
Kumaran Specialities Hospital,hospital,13.03968,80.21204
Arokiya hospital,hospital,13.0374234,80.190944
Parvathy Hospital,hospital,13.036525,80.1567342
Genesis Womens Hospital,hospital,13.034922,80.2465468
Radhatri Nethralaya,hospital,13.0342203,80.2398192
"Sakthi Amma Hospital, Vellore",hospital,12.936069,79.1643137
Kavery Hospital,hospital,13.038362,80.2572398
Kanamapet Government Hospital,hospital,13.0298989,80.2261208
Thirumalai Mission Hospital,hospital,12.9500696,79.3256224
Pernampattu Government Hospital,hospital,12.9323821,78.7166738
Serkadu Government Hospital,hospital,13.0147452,79.2173929
Swamy Hospital,hospital,12.9433459,78.8696553
Government Hospital Alandur,hospital,13.0048164,80.2025432
Janani Hospital,hospital,13.0313233,80.1909256
"Government Hospital ,Karadikuppam",hospital,13.0001607,79.4339341
T.K.R. Hospital,hospital,12.9342227,80.1807557
Karpaga Vinayaga Medical College Hospital,hospital,12.59309,79.911265
"Government Hospital, Nedumpirai",hospital,12.7058224,79.5584552
"Government Hospital, Thenkanikottai",hospital,12.51961,77.793121
"Government Hospital, Cheyyar",hospital,12.66418,79.540777
Nachikuppam Government Hospital,hospital,12.71801,78.162022
"Vasantha Hospital, Vaniyambadi",hospital,12.6812837,78.6160583
Kr Hospital,hospital,12.60357,80.057493
Lakshmi Hospital,hospital,12.7327982,77.8255221
"Government Hospital, Arani",hospital,12.66952,79.280255
"Ragavendra Hospital, Thirupathur",hospital,12.495644,78.5687373
"Government Hospital, Malayampattu",hospital,12.6534041,79.2468305
Vallipattu Government Hospital,hospital,12.64478,78.650831
Venkatramana Hospital,hospital,12.68966,79.979543
Lakshmi Hospital,hospital,12.50486,78.569872
"Government Hospital, Alangayam",hospital,12.6245859,78.7517774
Child Care Centre,hospital,12.6648976,79.284907
S.B.S Hospital,hospital,12.7338924,77.8259338
Tirupattur Government Hospital,hospital,12.4967103,78.5660198
Padalam Government Hospital,hospital,12.59136,79.950767
Sri Venkat Sai Private Hospital,hospital,12.7327925,77.8185057
Mother & Child Care Hospital,hospital,12.5101065,79.8884224
"Government Hospital, Uthiramerur",hospital,12.61502,79.760806
Polur Government Hospital,hospital,12.50829,79.123958
"Government Hospital, Bargur",hospital,12.5444,78.357225
"Government Hospital, Wandavash",hospital,12.5049972,79.6134707
Thirukalukundram Government hospital,hospital,12.6067021,80.0587443
Vaniyambadi Government Hospital,hospital,12.6768168,78.6156127
"Government Hospital, Kilkodungalur",hospital,12.50467,79.699699
Suriya Hospital,hospital,12.6669477,79.2898249
"Gs Hospital, Thirupathur",hospital,12.49489,78.568696
"Government Hospital, Nimmiyambattu",hospital,12.6351064,78.6991757
Sri Saraswathi Hospital- Ortho Hospital,hospital,12.51332,78.221676
"Government Hospital, Akkur",hospital,12.684816,79.6330139
"Government Hospital, Bellampalli",hospital,12.55351,78.090002
"Government Hospital, Mahabalipuram",hospital,12.61773,80.180966
"Government Hospital, Aanai bogi",hospital,12.55014,79.494569
St.Mary'S Hospital,hospital,12.50271,80.151551
Sri Sathiya Sai Hospital,hospital,12.523345,78.2171131
"K.S. Hospital, Thirupathur",hospital,12.4960893,78.5648282
"Government Hospital, Natrampalli",hospital,12.5834492,78.5117434
Thiruporur Government Hospital,hospital,12.7284223,80.1881466
"Government Hospital, Madhuranthagam",hospital,12.5093491,79.8903597
"Government Hospital, Balathotanapalli",hospital,12.5068756,77.7099988
Pudupettai Government Hospital,hospital,12.52928,78.510084
Shoolagiri Government Hospital,hospital,12.6669051,78.015584
Balaji Hospital,hospital,11.96893,79.206747
"Goverment Hospital, Bairanatham",hospital,11.94553,78.301387
Dharmapuri Medl College Hospital,hospital,12.12341,78.1576161
Bharani Hospital,hospital,11.9399431,79.4890597
Government Hospital Kadathur,hospital,12.08724,78.290259
"Government Hospital, Boothanatham",hospital,11.98837,78.364387
"Government Hospital, Pennagaram",hospital,12.129564,77.9041522
"Government Hospital, Anandal",hospital,12.0749123,79.1763331
Grs Hospital,hospital,11.9824068,78.2481763
Sumathy Hospital,hospital,11.9383961,79.479216
"Government Hospital, Anniyur",hospital,12.073907,79.3912087
K. J. Hospital,hospital,12.1281634,78.1579522
"Government Hospital, Naripalli",hospital,12.0425018,78.6693922
Dnv Ortho Care,hospital,12.12005,78.157093
"Government Hospital, Rishivandiyam",hospital,11.8103289,79.1024189
Government Hospital K.N.Pudur,hospital,11.9509819,78.2339512
"Government Hospital, Keeraipatti",hospital,12.0128824,78.5263664
"Government Hospital, Arasampattu",hospital,11.89532,78.848314
Fathima Hospital,hospital,11.8871133,78.9108477
"Government Hospital, Arcadu",hospital,11.93088,79.324537
Nanjaya Hospital,hospital,12.0550888,78.4821929
Pappireddipatti Government Hospital,hospital,11.9179195,78.3646393
"Government Hospital, Vanur",hospital,12.0226069,79.7279913
"Thoppur,Government Hospital",hospital,11.9398824,78.0551658
"Government Hospital, Thanipadi",hospital,12.1088407,78.8371153
"Government Hospital, Indur",hospital,12.1326826,78.0577248
Mary Hospital,hospital,12.1283666,78.1601592
"Government Hospital, Old Karuvatchi",hospital,12.0737952,79.3490022
Sirumadurai Government Hospital,hospital,11.8985791,79.3572119
"Government Hospital, Eduthavainatham",hospital,11.80695,78.825135
Government Hospital Chinnankuppam,hospital,12.0110294,78.4553224
Mettur Govt Hospital,hospital,11.7960034,77.798885
Sankarapuram Government Hospital,hospital,11.8871317,78.9141914
Manalurpettai Government Hospital,hospital,12.0054361,79.092565
"Government Hospital, Siruvanthadu",hospital,11.8725374,79.5806705
Thirukoilur Government Hospital,hospital,11.96988,79.206253
Government Hospital Kadaimadai,hospital,12.05434,77.936888
Pattammal Hospital,hospital,11.96712,79.204777
"Government Hospital, Karumandurai",hospital,11.8227672,78.6338324
Danish Mission Hospital,hospital,11.9550365,79.1944028
Pranitha Hospital,hospital,12.12133,78.154418
Tribal Hospital,hospital,11.9105443,78.6261336
Government Hospital Uppuvellore,hospital,12.1281789,79.7910713
"Government Hospital, Harur",hospital,12.061178,78.4756913
Government Hospital,hospital,11.45112,77.682149
"Government Hospital, Rasipuram",hospital,11.4612987,78.1851369
"Tholudur, Government Hospital",hospital,11.412136,78.9922603
"Tiruchengode, Goverment Hospital",hospital,11.3903328,77.8920627
Government Hospital Gudalur,hospital,11.4932483,76.4997401
"Edapalli, Government Hospital",hospital,11.3800271,76.8091394
"Sugam Hospital,Rasipuram",hospital,11.4553007,78.1936221
Government General Hospital Parangipettai,hospital,11.4902744,79.7571092
Vmk Hospital,hospital,11.4791501,77.5724052
Sri Balaji Womens Centre,hospital,11.4531821,77.6875979
Lakshmi Hospital,hospital,11.4723746,77.8646891
Vijay Hospital,hospital,11.45091,77.682019
Kumaran Hospital,hospital,11.45995,77.428588
Taj Hospital,hospital,11.4966006,76.495779
T.C.A Hospital Tiruchengode,hospital,11.3791885,77.8965774
Vasanth Hospital,hospital,11.4526864,77.4292173
"Government Hospital, Chakkarapani",hospital,11.4012907,79.1228356
"Government Hospital, Kavandapadi",hospital,11.43134,77.558062
Dharun Hospital,hospital,11.4223638,77.5597735
Shanitha Hospital,hospital,11.3974442,76.6970034
"Tholar, Government Hospital",hospital,11.4142436,79.2014135
"Government Hospital, Bhuvanagiri",hospital,11.4410798,79.6446187
Soorya Multispecialty Hospital,hospital,11.3786429,77.8931912
KKRS Hospital,hospital,11.45417,77.430584
Pandalur Government Hospital,hospital,11.4850787,76.3381876
"Goverment Hospital, Avatty",hospital,11.4763131,79.0757247
PGR Hospital,hospital,11.4512002,77.687185
Naveena Hospital,hospital,11.3969651,77.6617104
"Government Hospital, Ukkaram",hospital,11.4156444,77.2350458
Senthil Hospital,hospital,11.4475854,77.6844482
J.K.K. Trust Hospital,hospital,11.4445841,77.7307962
"SPM Medical Centre,Tiruchengode",hospital,11.3881331,77.8931963
"Government Hospital, Namagiripettai",hospital,11.4569484,78.265263
Dakshin Trauma Centre,hospital,11.454593,77.4461819
Suguna Hospital Tiruchengode,hospital,11.3781757,77.890856
"Government Hospital, Kookkalthorsai",hospital,11.4812769,76.8217376
"Government Hospital, Kothagiri",hospital,11.4212782,76.8612964
Government Hospital Vadugai,hospital,11.4654974,77.9250599
Abi SK Hospital,hospital,11.457163,77.412487
"Government Hospital, Komarapalayam",hospital,11.4435826,77.6946365
"Government Hospital, Krishnapuram",hospital,11.386431,78.7882072
Sathya Hospital,hospital,11.4561856,77.4298694
S K Hospital,hospital,11.4540106,77.430108
Tiruchengode Government Hospital,hospital,11.37645,77.89426
Tiruvannamalai Medical Colleges Hospital,hospital,12.2726421,79.0779952
Annamalai Hospital,hospital,12.4930073,78.5669369
"Goverment Hospital, Nallur",hospital,12.41034,79.616457
R.K. Hospital,hospital,12.30837,78.793024
Tindivanam Government Hospital,hospital,12.2407763,79.6514849
"Government Hospital, Chengam",hospital,12.30548,78.795953
Government Hospital Panchapalli,hospital,12.4587955,77.9429947
"Government Hospital, Barur",hospital,12.3078575,78.3064905
Government Tiruvannamalai Medical College and Hospital,hospital,12.2259398,79.0660738
"Government Hospital, Keezh Mambattu",hospital,12.18217,79.484264
St.Josep Hospital,hospital,12.2192668,79.6544775
Sundaram Hospital Thirupathur,hospital,12.4916833,78.5674219
Government Hospital Kadaladi,hospital,12.2643174,78.7398073
"Government Hospital, Thellar",hospital,12.4051717,79.5512245
G.K.Hospital,hospital,12.3047721,78.0725799
SS Hospital,hospital,12.2366349,79.0749229
"Government Hospital, Chetpet",hospital,12.4663281,79.3495034
"Government hospital, Arattavadi",hospital,12.2315369,78.8005096
Government Hospital Kalasapakkam,hospital,12.43678,79.098871
Sri Ramana Hospital,hospital,12.2307935,79.0734877
Padagam Government Hospital,hospital,12.4234266,79.1909856
N.P.Petral Government Hospital,hospital,12.1922727,79.253024
"Government Hospital, Valathy",hospital,12.3477657,79.3797042
"Goverment Hospital,Bendarahalli",hospital,12.2700824,78.3200544
"Durai Hospital, Thirupathur",hospital,12.4927711,78.5682528
Gingee Government Hospital,hospital,12.2518572,79.4197241
"Government Hospital, Jakkasamudram",hospital,12.3937246,78.0522641
Government Hospital Karapattu,hospital,12.3760301,78.9411032
Sathanur Dam Government Hospital,hospital,12.2014278,78.8977477
"Government Hospital, Uthangarai",hospital,12.26612,78.535949
"Government Hospital, Thandrampattu",hospital,12.16212,78.942398
"Government Hospital, Kodamandapatti",hospital,12.3352191,78.4465555
"Government Hospital, Anandur",hospital,12.2637832,78.3701247
"Government Hospital, Pochampalli",hospital,12.3322477,78.365767
"Government Hospital, Adiannamalai",hospital,12.25389,79.040524
"Thurinjapuram,Government Hospital",hospital,12.32102,79.087653
Vasantha Hospital Wellness Research Centre,hospital,12.2354267,79.0713162
Uma Hospital,hospital,12.2309805,79.6498703
"Government Hospital, Mathur",hospital,12.3826201,78.4136738
"Government Hospital, Marakkanam",hospital,12.1975179,79.9497067
"Government General Hospital, Cheyyur",hospital,12.35204,80.002556
Salem Government Hospital,hospital,11.6554386,78.1520712
Ponni Hospital,hospital,11.60974,79.549778
"Government Hospital, Mylambadi",hospital,11.5240579,77.673179
Guru Women And Children Hospital,hospital,11.6550881,78.1631441
"Government Hospital, Kothampadi",hospital,11.62641,78.542199
Government Hospital Attur,hospital,11.59709,78.601343
Annai Hospital,hospital,11.56159,79.593036
"Government Hospital, Guruvareddyur",hospital,11.6468761,77.6822366
N.S. Kumudham Hospital,hospital,11.59626,78.599512
Surya Hospital,hospital,11.58091,77.58527
"Government Hospital, Valapady",hospital,11.65706,78.403773
Sakthi Hospital,hospital,11.498927,77.2433702
Sindhu Hospital,hospital,11.57417,77.590371
AVM Hospital,hospital,11.6264369,78.1394204
Deivam Hospital,hospital,11.5221268,79.3246282
"Govt. Hospital, Melur",hospital,11.65429,78.937592
Sundaram Multi Speciality Hospital,hospital,11.600633,78.5948143
Mangorange Hospital,hospital,11.5149866,76.3560444
Goverment Hospital Kaludoor,hospital,11.50839,79.090308
"Government Hospital, Kolapalli",hospital,11.5487451,76.3115365
Annai Hospital,hospital,11.57992,77.588319
Sree Jayam Ortho and Multi Speciality Hospital,hospital,11.5441388,78.1460813
Vembadithalam Government General Hospital,hospital,11.5683,78.01211
Vanitha Hospital,hospital,11.6239931,78.1184622
"Government Hospital, Kurinchipadi",hospital,11.560854,79.5975832
Pachiappa Hospital,hospital,11.58571,77.833131
"Government Hospital, Gangavalli",hospital,11.506984,78.6431595
"Government Hospital, D.G.Pudur",hospital,11.50343,77.311249
Arun Gowri Hospital,hospital,11.57659,77.588756
"Government Hospital, Neyveli",hospital,11.6282392,79.5307866
Samiritian Hospital,hospital,11.52065,76.502776
"Government Hospital, Vennandur",hospital,11.51701,78.088631
"Government Hospital, Dadapuram",hospital,11.62225,77.877189
"Government Hospital, T.N.Palayam",hospital,11.50771,77.383285
C. N. Hospital,hospital,11.55724,78.0096
Sudha Hospital,hospital,11.5543431,79.5470772
Annapoorna Medical College Hospital,hospital,11.57693,78.037627
"Government Hospital, Veppur",hospital,11.52467,79.122012
"Goverment Hospital, Nallur",hospital,11.5676381,79.190047
"Government Hospital, Virudhachalam",hospital,11.5154858,79.3171992
"Government Hospital, Panamarathupatti",hospital,11.56589,78.161533
"Government Hospital, Anthiyur",hospital,11.5813367,77.5862689
Priyam Speciality Hospital,hospital,11.63446,78.124388
Priya Medical Centre,hospital,11.49886,76.486377
Dr P Ramalingam Hospital,hospital,11.52871,78.056289
Nalam Hospital,hospital,11.65862,78.147448
K.N. Nataraj Hospital,hospital,11.6581476,78.167265
"Government Hospital, Hasthampatti",hospital,11.6795,78.157266
"Thondamanatham, Government Hospital",hospital,11.6589389,79.7132015
M.J. Hospital,hospital,11.6689574,78.1209471
"Government Hospital, Tharamangalam",hospital,11.69503,77.963161
Mahalakshmi Hospital,hospital,11.69241,79.28535
Ponnammapettai PHC,hospital,11.6660487,78.1770681
"Government Hospital, K.R.Thoppur",hospital,11.68382,78.007937
"ESI Hospital, Salem",hospital,11.671506,78.0818924
Anna Hospital,hospital,11.656945,78.1775664
Selvi Hospital,hospital,11.6588,78.168423
"Government Hospital, Ulundurpet",hospital,11.6926834,79.2860201
Ganesan Nursing Hospital,hospital,11.6721696,78.1527134
Global Medical Centre Jagirammapalayam,hospital,11.6894409,78.1108847
Salem Medical Centre,hospital,11.67607,78.163014
"Government Hospital For Pregnancy, Ammapet",hospital,11.65953,78.183895
Shri Suraksha Speciality Medical Centre,hospital,11.6590215,78.1587125
Dr.Thiru Neuro Multi Speciality,hospital,11.6623376,78.203353
Deepam Hospital,hospital,11.6576703,78.4065155
Dr. Nalini Sridhar Hospital,hospital,11.6603637,78.168978
Sri Sellappa Hospital,hospital,11.65978,78.154787
SIMS Chellum Hospital,hospital,11.6698396,78.1558407
Panruti Government Hospital,hospital,11.7674836,79.5491037
"Government Hospital, Kattumannar Koil",hospital,11.2842074,79.551805
"Government Hospital, Thingalur",hospital,11.3237179,77.4854617
"Government Maternity Hospital, Agathiar",hospital,11.33716,77.727075
Krishna Medical Centre,hospital,11.2854479,77.6039939
Baby Hospital,hospital,11.335873,77.7315099
Dr Kokilasekar Nursing Hospital,hospital,11.3395874,77.7269838
"Government Hospital, Veppur",hospital,11.31459,79.064626
Manakudaiyan Government Hospital,hospital,11.3345522,79.2318018
Lakshmi Hospital,hospital,11.3329461,77.7179248
Joseph Hospital,hospital,11.30801,77.704584
Government Hospital Anukkur,hospital,11.3308736,78.8599921
"Manickampalayam, Government Hospital",hospital,11.32887,78.017713
Malar Hospital,hospital,11.7722604,79.5539969
Andal Hospital,hospital,11.7612866,79.7642423
Chinnu Hospital,hospital,11.3352924,77.7197145
Sendamangalam Government Hospital,hospital,11.27988,78.234922
KMCH Speciality Hospital,hospital,11.33911,77.716284
"Government Hospital, Semmandapatty",hospital,11.79257,78.029599
"Yercaud, Government Hospital",hospital,11.7786513,78.2145479
Kavin Hospital,hospital,11.3383568,77.7138882
Melurhosatty Goverment Hospital,hospital,11.3015895,76.7021749
Arcees Hospital,hospital,11.3381082,77.7110478
"Government Hospital, Geermalam",hospital,11.7616234,77.2320886
"Government Hospital, Kuzhumoor",hospital,11.3142,79.150918
Maragathavalli Hospital,hospital,11.3328528,77.7193915
Lkm Hospital,hospital,11.3335626,77.7190368
JJ hospital,hospital,11.33168,77.728823
Chamraj Group Hospital,hospital,11.3004209,76.6884508
"Government Hospital, Mettupalayam",hospital,11.2891427,76.9409612
S.M. Hospital,hospital,11.7703029,79.5520954
SCS Hospital And Urology Clinic,hospital,11.3410253,77.718043
Anusha Hospital,hospital,11.3397168,77.7166805
Jai Maaruthi Hospital,hospital,11.332,77.727272
A.M.M. Hospital,hospital,11.77751,79.662562
Annai Hospital,hospital,11.7709457,79.5498822
Omalur Government Hospital,hospital,11.74161,78.044296
"Government hospital,Belur",hospital,11.70532,78.419538
JVR Maternity Home,hospital,11.75458,79.760294
Sharon Cancer Center and General Hospital,hospital,11.7308873,78.1721664
Sri Annai Hospital,hospital,11.7459634,79.7448805
Pugazh Hospital,hospital,11.7360674,78.9628202
"Government Hospital, Jalakandapuram",hospital,11.6998786,77.8792017
Arcot Hospital,hospital,11.75595,79.7615981
Manipal Hospital,hospital,11.703072,78.1026612
"Tholasampatti, Government Hospital",hospital,11.75638,77.973813
"Government Hospital, Kallakurichi",hospital,11.7372686,78.9591918
Ss Heart And Skin Care Hospital,hospital,11.73566,78.965382
Goverment Hospital,hospital,11.7580777,78.2969128
Sri Hari Hospital,hospital,11.7396726,78.0440701
Valaisayur PHC,hospital,11.7048193,78.2479415
,hospital,12.7956393,79.8183483
,police,12.8204638,79.7181166
Police Checkpost,police,10.2648663,77.5394683
,hospital,11.9088641,78.6253158
,hospital,13.0753606,80.21879
hospital ground,hospital,11.3348089,79.1024567
Devi Hospital,hospital,11.0253792,76.9381035
Arasavanangadu Government Hospital,hospital,10.8280004,79.5543811
Koothanallur Fire  Station,fire_station,10.7187756,79.5237309
Anjugramam Police Station,police,8.1487731,77.5704974
SHABNA HOSPITAL,hospital,8.9695304,77.300373
avm hospital,hospital,8.7966695,78.1422851
Taj Hospital,hospital,13.0239396,80.116819
Malar Clinic,hospital,12.9645886,80.1958518
Primary health Center,hospital,13.1207073,79.9960294
Prasad Multispeciality Hospital,hospital,13.156154,80.301391
Uma Hospital,hospital,13.1345397,80.2058879
M N Eye Hospital,hospital,13.2786682,80.2608979
"ESI Hospital, Minjur",hospital,13.2793062,80.2577503
PMS Hospital,hospital,13.3348563,80.1941403
Suman Hospital,hospital,13.1503301,80.2984201
Thangam Hospital,hospital,13.332976,80.19451
Alpha Hospital,hospital,13.420618,80.114126
Mother Joseph Hospital,hospital,13.537285,80.07133
Sugam Hospital,hospital,13.414053,80.12703
Sushrutha Surgical Hospital,hospital,13.3348758,80.190578
Hasini Eye Care Clinic and General Hospital,hospital,13.337998,80.1928478
Sankara Eye Hospital,hospital,13.165259,80.25871
Jeyam Multi Speciality Hospitals,hospital,13.3342331,80.1954472
G S Hospital,hospital,13.1537616,80.3006482
Welcare Hospital,hospital,13.3306875,80.1887374
Sai Hospital,hospital,13.3637671,80.1405042
RMK Hospital,hospital,13.361191,80.140533
Md Hussain Hospital,hospital,13.1702776,80.193567
Julia Hospital,hospital,13.3357903,79.9084828
Esha Hospital,hospital,13.1521728,80.3002146
Annai Hospital,hospital,13.1486276,80.2982812
Sekar Hospital,hospital,13.1523333,80.2998808
St. Anthony's Hospital,hospital,13.161861,80.204431
Dr.Bala Lakshmi Hospital,hospital,13.329233,80.187201
???? ????? ??????? ???????,hospital,8.603808,77.9462525
Janani Hospital,hospital,13.139584,79.906791
Annai Siddha Ayurvedha Hospital,hospital,13.1433504,79.8754025
Herbocare Hospital,hospital,13.131715,79.928058
Dr.Prabhu Shankar Child Care,hospital,13.1439414,79.9052155
Saveetha Rural Health Centre,hospital,13.031324,79.85549
Arjuna Hospital,hospital,13.1167548,79.9112778
MJ Orthocare Hospital,hospital,13.1307363,79.9106285
DPS Hospital,hospital,13.0509177,80.0994192
Cure Well Hospital,hospital,13.044839,80.078007
Valarmathi Hospital,hospital,13.1439516,79.908917
Kannimaram Hospital,hospital,13.0471845,80.184358
Vasanthi Dental Hospital,hospital,13.0401817,80.1803453
Vijayalakshmi Hospital,hospital,13.143569,79.9088701
Sai Multispeciality Hospital,hospital,13.0312709,79.8535026
SM Hospital,hospital,13.1363359,79.9086732
Thiruvallur Urban Maternity Centre,hospital,13.144271,79.899066
Aravind Eye Hospital,hospital,13.0532913,80.1249542
CSI Hospital,hospital,13.14463,79.909159
Be Well Hospital,hospital,13.0506409,80.0986929
Dr.Annamalai Hospital,hospital,13.1798882,79.6108916
Thendral Skin and Dental Hospital,hospital,13.139915,79.9078323
Srinivasa Medicals,hospital,13.1780924,79.6106252
Dr. Nesam Multispeciality Dental Hospital,hospital,13.1110614,79.9106022
Sri Jayendra Saraswati Ayurveda Hospital,hospital,13.0426113,80.0723617
Vasan Eyes Care Hospital,hospital,13.131197,79.909378
The Royal Mayush Hospital,hospital,13.1236572,79.964507
Dr.Hemachandran Hospital,hospital,13.1793744,79.6113316
G.K. Hospital,hospital,13.1086082,79.9104426
Meenakshi Mission Hospital,hospital,13.0472622,80.1815603
Ramdas Hospital,hospital,13.0502479,80.0910986
Dr. Sarojini Hospital,hospital,13.1444936,79.903447
Shanthi Hospital,hospital,13.0470409,80.1841129
Dr. Natarajan Multi Speciality Hospital & Kidney Care Centre,hospital,12.9783152,79.6175484
Shrishti Hospital,hospital,12.925748,79.3562419
Lakshmi Prasad Hospital,hospital,12.9252702,79.3618728
Dr.Ganesh Hospital,hospital,12.9252402,79.3627706
Happy Smile Speciality Dental Hospital,hospital,12.9239216,79.3638601
Balaji ENT & Dental Care Hospital,hospital,13.0869567,79.6637537
Dr.Pandiyakumar Children Hospital,hospital,12.9034778,79.3196063
AKG Maternity and Fertility Centre,hospital,12.8345687,79.7029989
Karthigai Centre for Mental Health Care,hospital,12.8242383,79.7018995
Kavitha Hospital,hospital,12.9269785,79.3639246
Sunflower Siddha Hospital for Skin and Fertility,hospital,12.8419147,79.7042481
Sri Ne Hospital,hospital,12.8246378,79.707055
Murthy Hospital,hospital,13.084744,79.6681736
RJR Hospital,hospital,12.8446595,79.6981141
Bone Care Hospital,hospital,12.8253797,79.7076101
Lavanya Hospital,hospital,12.9267063,79.3642127
Hajirabi Hospital,hospital,12.9051686,79.3293025
Sivananda Siddha Hospital,hospital,12.8354377,79.7075758
Adara Kerala Ayurveda,hospital,12.8239875,79.7066801
M.S.D Hospital,hospital,12.837496,79.7069417
"Herbocare Hospital, Kanchipuram",hospital,12.8345759,79.7130055
Dr. Natarajan Speciality Hospital and Kidney Care Centre,hospital,12.8375268,79.7077525
Sri Sankara Hospital,hospital,12.8396788,79.7034733
VKJ Hospital,hospital,12.8365745,79.7052662
AKG Fertility Centre,hospital,12.8251564,79.7073067
Dr. Kamakshi Memorial Hospital,hospital,12.8358681,79.7077257
Rakshith Hospital,hospital,12.7197418,80.1874624
Raja Hospital,hospital,12.7304572,80.187812
Pandiyan Hospital,hospital,12.9256426,79.8814855
MPS Paediatric Health Care Centre,hospital,12.9691309,79.9452782
Asha Hospital,hospital,12.4479169,80.0024712
Shri Maruthi Multi Speciality Hospital,hospital,12.5104015,79.8853438
Sagundaladevi Hospital,hospital,12.9252156,79.8769385
ESI Hospital,hospital,12.8875617,80.0237609
Anthonyammal Hospital,hospital,12.615871,79.758965
Shanmuga Hospital,hospital,12.9257633,79.8797713
Rotary Hospital,hospital,12.6239611,80.0555686
R.K. Hospital,hospital,12.982638,80.015081
Shifa Hospital,hospital,12.929514,79.875752
Private Hospital,hospital,12.5103701,79.8832905
Varam Health Care,hospital,12.6332544,80.1961711
Apollo Hospital,hospital,12.437003,79.83058
Sri Venkateshwara Hospital,hospital,12.5643829,80.1191531
Sri Devi Hospital,hospital,12.9279755,79.877669
Robust Health Care Centre,hospital,12.8870998,80.0250194
Bon Secours Hospital,hospital,12.9322908,79.8742851
Rehoboth Healthcare Centre,hospital,12.949675,80.036597
Saravana Hospital,hospital,12.8870832,80.0243038
Mudugurai Hospital,hospital,12.466272,79.8844669
Sri Sharada Hospital,hospital,12.9672732,79.9467967
Vijay Hospital,hospital,12.6082821,80.0577702
Sri Ramakrishna Hospital,hospital,12.5096751,79.8895842
Agaram Hospital,hospital,12.472333,79.874925
Saradha Hospital,hospital,12.8875885,80.0243868
Anandajyoti Hospitals,hospital,12.6180278,79.7594709
Hitech Hospital,hospital,12.9697594,79.9424188
Mother Care Hospital,hospital,12.605737,79.921047
Dr. Chitra Hospital,hospital,12.5096532,79.8875315
Moorthy Hospital,hospital,12.6207093,80.1920299
Arokia Annai Hospital,hospital,12.7560995,80.0091891
JSP Hospital,hospital,12.6974472,79.9724747
Raman Hospital,hospital,12.6823207,79.9820549
Sulaiman Memorial Dental and Child Care,hospital,12.7638952,80.0039609
Krishna Hospital,hospital,12.7599373,80.0040774
Filariasis Hospital,hospital,12.6954884,79.9782314
Sri Venkateshwara Hospital,hospital,12.7618855,80.002589
Sri Balaji Hospital,hospital,12.7607913,80.0037308
Government Hospital,hospital,12.675575,79.978293
Sri Siddhalaym Hospital,hospital,12.6701352,79.9848253
Mrk Hospital,hospital,12.688846,79.98029
Nirahhs Health Centre,hospital,12.7990975,80.0241996
Naveen Hospital,hospital,12.7935765,80.0270741
Sai Fertility Centre and Hospital,hospital,12.690083,79.980058
Akshaya Sida Hospital,hospital,12.7962013,80.022447
Bagavathy Hospital,hospital,12.6915156,79.9808587
Herbo Care Herbal Hospital,hospital,12.6818078,79.9810921
V.K.R Piles Hospital,hospital,12.691572,79.980346
Ezhil Siddha Hospital,hospital,12.6874169,79.9804067
Sanjeevi Health Care,hospital,12.786869,80.014689
Sundaram Hospital,hospital,12.6880247,79.9789026
SRM Urban Health Centre,hospital,12.7998826,80.0241862
Arokya Annai Hospital,hospital,12.8467495,80.0869154
Sri Meenachi Hospital,hospital,12.850128,80.140347
Nithya Gurru Hospital,hospital,12.867641,80.0760446
Thangam Hospital,hospital,12.8400457,80.0560074
G.V. Hospital,hospital,12.8143321,80.0770019
Suriya Ayurveda Hospital,hospital,12.8588635,80.0560942
"Rishika Ortho, Spine and Joint Speciality Centre",hospital,12.8441025,80.0587314
Sugam Hospital,hospital,12.82684,80.166309
Sri Kamatchi Hospital,hospital,12.9050035,80.0929742
Magna Open Health Service,hospital,12.8576412,80.0694728
Mahesh Hospital,hospital,12.9178607,80.0590957
Arokya Hospital,hospital,12.8319745,80.0708395
Saradha Hospital,hospital,12.9080949,80.0926779
Arokia Annai Hospital,hospital,12.8678478,80.0648625
Deepam Hospital,hospital,12.8471514,80.0632047
Kathir Memorial Hospital,hospital,12.84935,80.141738
Punarjeevan Hospital,hospital,12.817871,80.2221711
K.S. Child Care Hospital,hospital,12.8427807,80.0574582
Supreme Speciality Hospitals,hospital,12.8063158,80.2244216
Sri Multi Speciality Homeopathy Clinic,hospital,12.8820866,80.0765632
Sri Raghav Child Care Centre,hospital,12.911081,80.0964005
Thalir Hospital,hospital,12.8662405,80.0780594
Hosanna Hospital,hospital,12.8694008,80.0829085
Sanjeevi's Ayush Hospital,hospital,12.9285127,80.1139064
AG Multi Speciality Hospital,hospital,12.9252184,80.1125391
N S Hospital,hospital,12.9274606,80.1143405
Dr. Sathish Kumar Institute Of Child Health and Hospital for Children,hospital,12.9372891,80.1390198
Peeram Hospital Private Limited,hospital,12.9349952,80.1257351
Saaol Heart Centre,hospital,12.9361226,80.1238348
PK Multi Speciality Hospital,hospital,12.929311,80.118892
Jyothi Siddha Ayurveda Hospital,hospital,12.9305296,80.1185855
LPR Hospital,hospital,12.923229,80.097237
Sarjana Hospital,hospital,12.9264853,80.1026633
Sree Devi Hospital,hospital,12.9293353,80.1131889
Jawahar Hospital,hospital,12.9227892,80.1281937
Ramana Child Hospital,hospital,12.9340178,80.1236737
Arya Vaidya Shala,hospital,12.9239283,80.1280388
Dr. Mehta Hospital,hospital,12.9323992,80.1195168
Seshagiri Hospital,hospital,12.9301271,80.1195747
Udhayam Maternity and General Hospital,hospital,12.9292541,80.117767
Children Care Centre,hospital,12.9261301,80.1059731
Madhu Hospital,hospital,12.9253206,80.1270372
Vithagan Health Care Hospital,hospital,12.9234022,80.1292693
Arul Hospital,hospital,12.925426,80.10622
A.G Hospital,hospital,12.9264826,80.1117834
Apollo Hospital,hospital,12.9243823,80.1061223
Parvathy Ortho Hospital,hospital,12.9264209,80.1078215
Rainbow Women and Children's Hospital,hospital,12.9255619,80.1141393
Elmer Kidney Care,hospital,12.927288,80.112985
Sri Jayam Hospital,hospital,12.9279511,80.1152234
Raindew Hospital,hospital,12.9249694,80.1121876
M.J. Hospital,hospital,12.9225987,80.1280627
Sudar Hospital,hospital,12.9302816,80.1175824
Sai Vijay Ayurvedic Herbal Health Care,hospital,12.9233238,80.1270401
Manimegalai Hospital,hospital,12.9370716,80.1394473
Rajarajan Venkateshan Hospital,hospital,12.9261078,80.1060872
Dhanwanthralaya Ayurveda Speciality Hospital,hospital,12.9309721,80.1071121
Dhanwantralaya,hospital,12.926297,80.11211
Deepam Rehabilitation Centre,hospital,12.9163865,80.1789307
HCL Health Care,hospital,12.9044723,80.216804
Ganesh Hospital,hospital,12.9082585,80.1570082
Subasree Hospital,hospital,12.916822,80.1940932
Centre For Vision and Eye Surgery,hospital,12.8948311,80.2233057
Shri Sai Children's Hospital and Dental Clinic,hospital,12.912214,80.229384
Sri Balaji Hospital,hospital,12.9178242,80.190331
S.V. Hospital,hospital,12.9069075,80.2026845
Bethel Hospital,hospital,12.9114303,80.1563114
Sai Babaji's Accupuncture Centre,hospital,12.9186472,80.1712083
SV Hospital,hospital,12.9319677,80.2326252
Shanthi General Hospital,hospital,12.9233066,80.153003
Karthick Children's Hospital,hospital,12.9123221,80.192466
Arun Hospital,hospital,12.9149784,80.1948032
Radial Ortho Speciality Hospital,hospital,12.9131978,80.1915965
Jayam Hospital,hospital,12.9498749,80.2381651
Maternity and Child Care Hospital,hospital,12.9164866,80.1896622
Sanjeevi's Ayurveda Therapy Centre,hospital,12.9087161,80.1571623
Shri Balaji Diabetes Hospital,hospital,12.9150069,80.1929516
Dhanvantri Multi Speciality,hospital,12.9402236,80.2412342
Annai Teresa Hospital,hospital,12.9184999,80.1892056
Government Hospital,hospital,12.9073656,80.1571273
Prayoga Hospital,hospital,12.918236,80.1525123
Swaram Hospital and Speciality Clinic,hospital,12.9011793,80.2286
C-Dot Hospital,hospital,12.9072738,80.2027359
KL Hospital,hospital,12.9006729,80.2283278
Mugavari Eye Hospital and Research Institute,hospital,12.9167105,80.1921463
Global Hospital,hospital,12.9060064,80.2072713
Avinash Ortho Hospital,hospital,12.9383762,80.1725401
Kavitha Ortho and Multi Speciality Hospital,hospital,12.9502691,80.1513316
Dr. Gomathi Hospital,hospital,12.955108,80.131944
"Ray's Head, Neck Care Centre-ENT and Dental Clinic",hospital,12.9549234,80.1340441
Sri Santhanakrishna Padmavati Health Care and Research Centre,hospital,12.9462077,80.1399766
Sri Venkateshwara Hospital,hospital,12.9540623,80.1339845
Dr. Velmurugan Hospital,hospital,12.9296419,80.2029589
Sri Ram Hospital,hospital,12.9499064,80.1349811
Kidney Hospital and Diagnostic Centre,hospital,12.952496,80.137893
AM Hospital,hospital,12.9344546,80.1819961
TB Hospital,hospital,12.9448167,80.1303935
HCG Cancer Centre,hospital,12.9575434,80.143138
Sayee Hospitals,hospital,12.9521949,80.1432074
Inbam Hospital,hospital,12.9339688,80.2041509
Thanushika Hospital,hospital,12.9503116,80.1513212
Hindusthan Hospital,hospital,12.9393514,80.1806898
Puthur Kattu,hospital,12.9478556,80.1370503
RKP Hospital,hospital,12.9379829,80.1799993
Muthu Multi Speciality Hospital and Pharmacy,hospital,12.928263,80.200805
Kokila Siddha Hospital,hospital,12.960669,80.139703
Thomas Health Care Centre,hospital,12.9544931,80.1439701
Raj Joty Eye Hospital,hospital,12.935221,80.181802
Sun Hospital,hospital,12.9537198,80.143246
Apollo Hospitals,hospital,12.9520555,80.1372784
Shailaja Hospital,hospital,12.9531004,80.1440661
Dhanwantari Hospital,hospital,12.9452437,80.140022
Dr. Ashok Kumar Children's Hospital,hospital,12.954659,80.134998
Venus Accupoint,hospital,12.9422406,80.1381022
Saraswathy Hospital,hospital,12.9425452,80.1405737
V Cure Hospital,hospital,12.9280452,80.199546
Al Elaj Accupressure and Health Centre,hospital,12.9569609,80.1424509
V.S. Hospital,hospital,12.933726,80.1811973
Daisy Hospitals,hospital,12.9576893,80.1429026
Shakthi Hospital,hospital,12.9753651,80.2543198
Chennai Emergency Care Centre,hospital,12.9712805,80.132333
JIP Hospital,hospital,12.9719872,80.1407516
Dr. Habeb Child Care Hospital,hospital,12.9668133,80.144778
Sri Jaya Hospital,hospital,12.9981038,80.0955575
Hale and Healthy Hospitals,hospital,12.9757686,80.2590077
Rathna Hospital,hospital,13.0087475,80.1937172
Deen Hospital,hospital,13.034339,80.1104925
S.S. Hospital,hospital,13.0036449,80.2030844
Sivanthi Heart Care,hospital,12.997158,80.0965483
Gunam Hospital,hospital,12.9789547,80.0536595
Dhanraj Hospital,hospital,13.0017797,80.2033269
Nalam Hospital,hospital,13.0164671,80.1772853
Chennai Hospital,hospital,12.973474,80.1307991
Deenan Health Care,hospital,12.9738819,80.1315486
Promed Hospital,hospital,12.9751423,80.2582571
Dr. JRK Hospital,hospital,12.9971757,80.0978782
Happy Clinic Hospital,hospital,12.9693629,80.2566138
Shadithya Hospital,hospital,12.9718921,80.1445381
Jaya Sri Hospital,hospital,13.0027883,80.207025
Kedar Hospital,hospital,13.0441663,80.1364773
Sai Nursing Home and Maternity Hospital,hospital,13.0372175,80.1136836
Kaanthi Makapperu Hospital,hospital,13.003406,80.2063632
Medforte Health Care,hospital,12.9700475,80.1499015
Contonment Board General Hospital,hospital,12.97059,80.148318
Corporation Hospital,hospital,12.9915347,80.2615046
Relief Dental Hospitals,hospital,12.978253,80.258947
Accu Hospital,hospital,13.041251,80.267354
Kalyani Hospital,hospital,13.0512111,80.273209
Triveni Hospital,hospital,13.0385371,80.2581929
SMK Hospital,hospital,12.986383,80.260187
Uma Sankaran Siddha Hospital,hospital,12.9916719,80.2624479
Vasantha Hospital,hospital,13.0490602,80.2747953
Orthomed Hospital,hospital,13.0454703,80.2668731
Mint Hospitals,hospital,13.0013494,80.258796
Saanvi Fertility Centre Urology and Stone Centre,hospital,13.0436591,80.2639406
The Crescent Hospital,hospital,13.0528771,80.2727865
Syma Hospital,hospital,13.0546321,80.2774772
Sri Parthasarathy Hospital,hospital,13.0547617,80.2756509
Ashwini Hospital,hospital,12.9890173,80.2599586
R.S. Hospital,hospital,13.0549375,80.2068588
Arun Vijaya Hospitals,hospital,13.038873,80.192755
C.M. Hospital,hospital,13.0553167,80.2012868
Shali Day & Night Hospital,hospital,13.051996,80.204702
Koncept Hospitals,hospital,13.051051,80.243818
Diawin Multi Speciality Siddha Hospital,hospital,13.0520108,80.2076585
G G Hospital,hospital,13.0554543,80.2477343
K R S Hospitals,hospital,13.0616711,80.2434943
Sterling Hospitals,hospital,13.0616367,80.243704
Lily Shantha Hospital,hospital,13.0516365,80.1939117
Dr. Maibbar Hospital,hospital,13.0594426,80.2459459
Swastik Hospital,hospital,13.0539266,80.1991968
Standard Hospital,hospital,13.0526943,80.1899425
MM Hospital,hospital,13.0527721,80.191781
Arun Hospital,hospital,13.0514652,80.2031882
Krishna Geetham Vaidyasala,hospital,13.0538214,80.1989274
Agm Hospital,hospital,13.0802093,80.2522439
Dr. Sambandam Eye Hospital,hospital,13.0886474,80.2416011
Sugumar Hospital,hospital,13.0828855,80.2709938
Ranjith Hospital,hospital,13.0888843,80.2418555
Mythili Hospitals,hospital,13.0704319,80.2421491
Santosham Chest Hospital,hospital,13.0746638,80.2537976
Tune 32 Hospital,hospital,13.0715459,80.2622655
Pandalai Hospital,hospital,13.0771575,80.2450769
Centre For Gastro Esophageal Disorders,hospital,13.0786423,80.2540859
Be Well Hospital,hospital,13.0807479,80.2340062
Puttur Kattu Hospital,hospital,13.0812406,80.2506114
An-Noor Eye Hospital,hospital,13.0849581,80.2669979
Herbzalive Ayurveda Hospital,hospital,13.0793874,80.2473996
Meta Hospital,hospital,13.0826737,80.2705905
Dr. H. Yogish Hospital,hospital,13.0737332,80.2268354
Neuro Hospital,hospital,13.0713435,80.2625981
Murugan Hospitals,hospital,13.0833684,80.234299
Amrit Hospital,hospital,13.0811868,80.2520834
Mercury Hospital,hospital,13.071832,80.260048
Naz Unani Hospital,hospital,13.0850158,80.2699983
S.K. Selvam Hospital,hospital,13.0761303,80.2694819
Apollo Hospital,hospital,13.0825738,80.2710331
Kola Saraswathi Agarwal Samaj Health Centre,hospital,13.0813334,80.2553965
Demo Hospital,hospital,13.0844036,80.2454945
Gremaltes Hospital,hospital,13.0793157,80.2290477
Srl Hospital,hospital,13.0814203,80.2333756
Periyar Maniammai Hospital,hospital,13.0811497,80.2620778
Red Cross Hospital,hospital,13.074301,80.267569
Ponmalligai Hospitals,hospital,13.0768584,80.2339377
V S Hospital,hospital,13.1216771,80.2236766
Iyyappa Multi Speciality Hospitals,hospital,13.1160443,80.2454243
GK Hospital,hospital,13.113594,80.2394367
Dr. Kleela Hospital,hospital,13.1155627,80.2457851
Bluemed Healthcare,hospital,13.1297562,80.2172747
St. Joseph Cluny Hospital,hospital,13.1204837,80.2243993
Dr. A C Aruldas Hospital,hospital,13.1102652,80.2418486
Bharathiraja Hospitals,hospital,13.1300779,80.216941
Kolathur Multi Speciality and Research Centre,hospital,13.1222839,80.2160951
Arul Childs Hospital,hospital,13.1185,80.2258076
KCK Hospital,hospital,13.129071,80.2159086
Sugar Hospital,hospital,13.121994,80.2236309
Retteri Kumaran Hospital,hospital,13.129869,80.214109
Government Hospital,hospital,13.1093369,80.2312849
K.H.M. Hospital,hospital,13.129327,80.2152624
Sankar Eye Hospital,hospital,13.1131038,80.2404022
Niranjana Hospital,hospital,13.1101477,80.2244516
Parvatham Hospital,hospital,13.1148422,80.2441515
U.S. Hospital,hospital,13.1263043,80.2192658
Bharani Hospital,hospital,13.1106227,80.2374461
Herbocare Hospital,hospital,12.9597861,79.1386445
Ramachandra Hospital,hospital,12.8936736,79.1357186
Swasam Naturecure and Yoga Hospital,hospital,12.9566197,79.1418751
S.K. Nambi Hospital,hospital,12.905718,79.1352986
Vellore Hospital,hospital,12.9016809,79.1316299
Church Hospital,hospital,12.9082477,79.1251947
Shivam Hospital,hospital,12.9522294,79.144835
G P Hospital,hospital,12.9154281,79.1352036
Kurinji Hospital,hospital,12.9565077,79.1414803
Best Hospital,hospital,12.8773311,79.1066157
Dr. Venkateswara Rao Hospital,hospital,12.9163413,79.1342217
Akshaya General and Dental Hospital,hospital,12.9577933,79.136876
K K R Hospital,hospital,12.904517,79.135956
C.M Dental Clinic and Hospital,hospital,12.9218545,79.1125805
Sterling Diabetes Hospital,hospital,12.9578429,79.1432088
Storke Hospital,hospital,12.8898385,79.1344238
Cure Multispeciality Hospital,hospital,12.909147,79.1333437
Dr. Pari's Hospital,hospital,12.9030108,79.1324839
Fathima Hospital,hospital,12.9170061,79.138924
Dhinesh Hospitals,hospital,12.9086238,79.133113
VB Hospital,hospital,12.935049,79.156067
Nirmal Eye Hospital,hospital,12.9148799,79.134335
Gita Mathai Hospital,hospital,12.9159232,79.1400221
Jayanthi Hospital,hospital,12.9362461,79.1671117
Christian Medical College Schell Eye Hospital,hospital,12.9126302,79.1334901
DSF Hospital,hospital,12.9366943,79.1626536
Jansi Hospital,hospital,12.9218139,79.1127269
Satish Eye Hospital,hospital,12.9106339,79.1332837
Lakshmi Hospital,hospital,12.9002559,79.1271585
Aruna Eye Hospital,hospital,12.9112511,79.1317331
JJ Ravi Hospital,hospital,12.8923296,79.1354165
Balaji Hospital,hospital,12.8716238,79.085893
Jothi Hospital,hospital,12.9031171,79.1359967
Naruvi Hospitals,hospital,12.9341391,79.1413316
Premji Neuro Hospital,hospital,12.876936,79.118794
Annamalai Hospital,hospital,12.9060705,79.137064
BPR Hospital,hospital,12.916289,79.1363165
Om Murugan Siddha Hospital,hospital,11.9368241,79.4864315
Dr. Kalaimani Hospital,hospital,12.2531841,79.414742
Malar Hospital,hospital,11.9490291,79.4903261
Vinodhini Hospital,hospital,11.8639995,79.3671146
Sundara Pandian Bone and Joint Hospital,hospital,11.931296,79.48513
Sri Ramachandra Dental Hospital,hospital,12.2175351,79.6629202
RJR Hospital,hospital,11.9308979,79.4858312
Sivanandhammal Siddha Hospital,hospital,11.9315482,79.4861485
Melolakkur Hospital,hospital,12.3431116,79.4867042
Orthodontic and Dental Hospital,hospital,12.2302888,79.6489103
Sakthi Child Hospital,hospital,12.2314084,79.6521122
Villupuram Herbocare Hospital,hospital,11.9321959,79.485712
Dr. S Karthik Bhandary Hospital,hospital,11.9414736,79.4961439
i-MED Super Speciality Hospital,hospital,12.2189008,79.6575392
Sri Ranga Hospital,hospital,11.9312456,79.4851451
C.R. Women and Child Health Centre,hospital,12.231188,79.651731
Apollo Hospitals,hospital,11.931492,79.486364
Baby Hospital,hospital,11.9417223,79.486858
Aravind Eye Hospital,hospital,12.2585348,79.4170137
Maternity Hospital,hospital,12.2309422,79.6499296
Varun Fertility and Maternity Hospital,hospital,12.2366173,79.6514228
Link Hospital,hospital,11.941443,79.493422
Royar Hospital,hospital,12.231769,79.6521931
Selvaraj Hospital,hospital,11.9289053,79.4847866
Shivam Multispeciality Hospital,hospital,11.9461082,79.489042
RK Eye Hospital,hospital,11.9345871,79.4824456
Dr. Jothy Mother Care Hospital,hospital,11.9412498,79.4874043
Devaki Hospital,hospital,11.9399605,79.4875405
Subrayan Hospital,hospital,12.2525869,79.4187571
Dr. Thambirajah Hospital,hospital,12.236916,79.6493161
Government Hospital,hospital,12.1191555,79.3841561
Dr.Sampath's Diabetes and General Health Care Centere,hospital,12.230447,79.649053
Deepham Hospital,hospital,12.238396,79.647438
Sree Venkateshwara Hospital,hospital,12.337827,79.24354
Royal Hospital,hospital,11.93711,79.4855233
Kapila Hospital,hospital,11.759948,79.752602
Sri Ragavendera Eye Hospital,hospital,11.7609921,79.7641783
Veludaiyaan Hospital,hospital,11.7648349,79.764176
Jayakodi Hospital,hospital,11.7479061,79.7502482
Subi Dental Hospital,hospital,11.7607715,79.7641528
Vasantham Hospital,hospital,11.753695,79.76033
Deepam Hospital,hospital,11.76027,79.752718
Devaki Hospital,hospital,11.7466873,79.7507784
Neo Life Hearing Aid Centre,hospital,11.7593031,79.7638536
Sri Dhavamani Siddha Hospital,hospital,11.757349,79.7598777
Lakshmi Hospital,hospital,11.7617458,79.7622612
Valli Vilas Hospital,hospital,11.750637,79.760603
The Zusaanli Acupuncture and Ayurveda Hospital,hospital,11.7598356,79.7647551
R.R Speciality Hospital,hospital,11.7496981,79.7461239
Dr. R.K. Baskaran Hospital,hospital,11.7609511,79.7638694
Kovan's Chest and Sleep Care Centre,hospital,11.7585866,79.7636821
Maternity Hospital,hospital,11.7467423,79.7539971
Modern Eye Hospital,hospital,11.7617557,79.7619691
Jayalakshmi Hospital,hospital,11.7561853,79.7617619
Dr. P. Ram Mohan Hospital,hospital,11.748029,79.763311
JKR Piles Fistula Hospital,hospital,11.7592559,79.7640816
Kandamathan Hospital,hospital,11.4683007,78.9510047
Ganesh Maternity Hospital,hospital,12.520064,78.2198424
Soorya Multi Speciality Hospital,hospital,11.632948,78.871799
Sristi Children's Hospital,hospital,12.519915,78.219104
Sri Ram Hospital,hospital,11.9551659,79.1925599
Balaji Hospital,hospital,11.6353931,78.8763682
Sai Speciality Hospital,hospital,11.7391158,78.9601303
VV Hospital,hospital,11.966499,79.207182
Lotus Hospital,hospital,11.7209048,78.9557125
Krishna Hospital,hospital,12.5269707,78.2032162
Pugazh Hospital,hospital,11.7383208,78.9673615
Ramacharan ENT Hospital,hospital,12.5192713,78.2187027
Dr.Raj Kumar Hospital,hospital,11.7370481,78.9654128
Eye Hospital,hospital,11.6918517,79.2904783
Sri Siva Sakthi Siddha Orthopaedic Hospital,hospital,11.737854,78.9674324
Kaveri Children Hospital,hospital,12.5191998,78.2185048
Dr.Manivannan Hospital,hospital,11.634686,78.875931
Poorvi Dental Hospital,hospital,12.5242567,78.2015892
Nalam ENT Hospital,hospital,11.7376029,78.9675536
N.S Hospital,hospital,11.7393579,78.9594834
AMC Multi Speciality Hospital,hospital,11.738376,78.975572
Akbar Ali Hospital,hospital,11.9674951,79.2047302
Sabari Eye Hospital,hospital,12.5190949,78.2190115
Siddhalaya Hospital,hospital,11.7397121,79.0773317
Sri Lakshmi Hospital,hospital,11.737873,78.9614835
Palanivel Hospital,hospital,11.7367187,78.9571445
Sri Balaji Hospital,hospital,11.728092,78.9618703
Rangachari Eye Hospital,hospital,12.5195444,78.2178012
Dr.Rajmohan Hospital,hospital,11.6888836,79.2885399
Sri Mahalakshmi Siddha Hospital,hospital,11.7396311,78.9614296
Meenakshi Hospital,hospital,11.691345,79.2824928
Uma Maheswari Hospital,hospital,11.8864516,78.9165142
KVS Hospital,hospital,12.5277857,78.2055049
Sri Ramakrishna Hospital,hospital,11.889528,78.918422
TV Hospital,hospital,11.9589153,79.1906767
Maharishi Siddha Hospital,hospital,12.5192281,78.2186874
Kathiravan Hospital,hospital,11.635704,78.8755498
Olga Siddha Multi Speciality Hospital,hospital,11.9679441,79.2040271
Rajamaiyammal Pediatric Hospital,hospital,11.6356956,78.8751899
Ga Heart Hospital,hospital,12.5287708,78.2055336
Baby Childrens Hospital,hospital,11.7391017,78.9605598
Lingam Hospital,hospital,11.6348249,78.8764365
Sakthi Hospital,hospital,11.7359507,78.9654322
Kalyani ENT Hospital,hospital,12.5202161,78.2191611
Aswini Hospital,hospital,11.7412641,79.0743866
Nathan Speciality Hospital,hospital,12.5220057,78.2150095
Janani Hospital,hospital,11.7395673,78.9612076
J.R.R. Hospital,hospital,11.635708,78.876255
Ganesh Hospital,hospital,12.519586,78.2182549
Madura Dental Care Hospital,hospital,11.8844985,78.9176173
Dr. Getwell Hospital,hospital,11.9690114,79.2036957
Muthu Hospital,hospital,11.7386564,78.9617902
Sri Sivasakthi Dental Hospital,hospital,11.738727,78.961808
Krishna Hospital,hospital,11.739402,79.078362
Muthuvel Hospital,hospital,11.8836721,78.9176618
Shiva Eye Hospital,hospital,12.230536,79.072143
Durai Hospital,hospital,12.234183,79.067855
GMS Dental Hospital,hospital,12.236981,79.071526
Tamilnadu Neuro & Mind Care,hospital,12.2299003,79.0660745
Baba Eye Hospital,hospital,12.221239,79.0607587
Vasan Eye Care Hospital,hospital,12.2306794,79.0718298
Star Hospitals,hospital,12.2361742,79.0733649
Sugasthala Hospital,hospital,12.23064,79.078259
Neomed Heart Preventive Care Hospital,hospital,12.2499062,79.0746357
Sree Guruji Sundhararam Swamigal Sitha Hospital,hospital,12.2250155,79.0786594
ARC Fertility Hospitals,hospital,12.2498639,79.0708251
Balagi Hospital,hospital,12.233519,79.070575
Dhan Laxmi Hospital,hospital,12.2424394,79.0725441
Neomed Hospital,hospital,12.2546575,79.0695738
Nethra Hospital,hospital,12.2322255,79.0728823
Nethra Hospitals,hospital,12.2340133,79.0692599
Gayathri Hospital,hospital,12.66814,79.2896859
G G Hospital,hospital,12.2499416,79.0718232
Jeevana Hospital,hospital,12.2202315,79.058076
Dr. G Dental & Implant Hospital,hospital,12.2341083,79.0684055
Sri Vinayaka Homeopathy Hospital,hospital,12.6642917,79.2840253
Bhuvaneshwari Hospital,hospital,12.2301632,79.0668075
Dhanabakkiyam Multi Speciality Hospital,hospital,12.2250374,79.0778544
Shree Raghavendra Dental Care Hospital,hospital,12.2337641,79.0691111
Archana Hospital,hospital,12.2257014,79.0661539
Sri Vaishnavi Hospital,hospital,12.2337066,79.069233
KVS Hospital,hospital,12.2298607,79.0649209
Government Hospital,hospital,10.289446,78.47758
The Leprosy Mission Community Hospital,hospital,9.71276,78.459929
Matha Mission,hospital,9.6996656,78.462862
Sri Bohar Siddha Hospital,hospital,10.321326,78.510342
Naveen Hospital,hospital,9.8274653,78.2543075
Primary Government Hospital,hospital,10.324853,78.507898
Gandeepam Siddha Hospital and Research Center,hospital,10.32634,78.456334
Karthik Multispeciality Hospital,hospital,9.8484056,78.4847093
Dr. Rahima Usman Hospital,hospital,9.629762,78.627635
Swedish Mission Hospital,hospital,10.1134418,78.5961351
Jeevarathinam Hospital,hospital,9.695296,78.4556228
Niranjan Skin Hospital,hospital,9.8498154,78.4900806
Nirupa Rajan Life Care Hospital,hospital,9.697922,78.448907
Femina Hospital,hospital,9.984855,78.537283
Chellamuthu Hospital,hospital,10.1105232,78.599072
Annai Meenakshi Hospital,hospital,9.8291257,78.2528088
Government District Hospital,hospital,9.840094,78.485332
Rahima Usman Hospital,hospital,9.6270629,78.6257328
CSI Hospital Kilanjunai,hospital,9.6711431,78.7560578
Baskar Hospital,hospital,9.824046,78.258846
Thaisei Nala Viduthi,hospital,10.294461,78.45884
Selva Hospital,hospital,9.6897896,78.4493352
Dr. Sundarajan Hospital,hospital,9.695613,78.455486
Unnamalai Childrens Hospital,hospital,9.6885363,78.452294
Dr. Jamal Hospital,hospital,9.6278033,78.6240014
Dr. Murugan Hospital,hospital,9.6298732,78.6263011
Sem Perai Hospital,hospital,9.627159,78.624142
Government Hospital,hospital,9.828522,78.52089
Thulavoor Nuda Vaithiya Salai Hospital,hospital,9.850863,78.4901106
Apollo Hospital,hospital,9.6932958,78.7203813
Jeyapal Hospital,hospital,9.6920958,78.4525046
Pillur Government Primary Hospital,hospital,9.8387486,78.4137465
Sri Thandeeshwarar Hospital,hospital,9.824178,78.258489
Army Hospital,hospital,10.7791503,79.1411588
KDR Hospital,hospital,10.772509,79.137518
Kannan Hospital,hospital,10.7534726,79.1205694
Dr. Muthiah Pandian Eye Hospital,hospital,10.78456,79.1415259
"Dhanam Hospital, Thanjavur",hospital,10.7542554,79.121432
Sudhakar Child Hospital,hospital,10.7931236,79.1419772
Marudupandiyar Hospital,hospital,10.7634249,79.1476612
Vaigarai Hospital,hospital,10.7805865,79.1317938
Dr. Anandha Kavi Children's Care Hospital,hospital,10.786435,79.133247
Nagar Puram Sugadhara Nilayam,hospital,10.7812285,79.1256093
Nisha Hospital,hospital,10.7634994,79.1315147
Dr. R. R. Ashokkumar General Hospital,hospital,10.7864612,79.1333475
Vijaya ENT Hospital,hospital,10.776386,79.12678
G.M Hospital,hospital,10.7765582,79.1269782
Government Eye Hospital,hospital,10.7853614,79.1385707
SDA Hospital,hospital,10.7368492,79.1040406
RK Hospital for Women and Children,hospital,10.775351,79.138256
Anna Hospital,hospital,10.7769685,79.1479821
Santhe Multi-Speciality Hospital,hospital,10.788383,79.134988
Vijay Hospital,hospital,10.7608246,79.1400739
Saravana Speciality Hospital,hospital,10.774742,79.135591
Thanga Saradha Nursing Home,hospital,10.7884215,79.1352656
Abayam Hospital,hospital,10.774129,79.1370851
Herbo Care Hospital,hospital,10.762537,79.132465
Dr. V. Marimuthu Hospital,hospital,10.784485,79.121339
Railtree Railway Hospital,hospital,10.7760385,79.139928
NM Hospital,hospital,10.7696972,79.1339606
Apex Heart Hospital,hospital,10.7763502,79.1263039
Rajavinayagar Sidha Hospital,hospital,10.8042231,79.1387267
KG Multi Speciality Hospital and Research Centre,hospital,10.776716,79.136724
RJR Herbal Hospital,hospital,10.7493157,79.109748
Umarani Hospital,hospital,10.7697787,79.1124216
Thirumai Hospital,hospital,10.7741968,79.1354053
Venkatesan Psychotic Hospital,hospital,10.793863,79.129953
Santhosh Ayurveda Hospital,hospital,10.7696357,79.1131654
Arun Hospital,hospital,10.426847,79.3159308
Thiravidan Multi Speciality Hospital,hospital,10.425529,79.318004
Homeopathy Hospital,hospital,10.4270483,79.3161066
Shri Jayendral Homeo Free Hospital,hospital,10.4124409,79.3276129
Kousalya Hospital,hospital,10.4205968,79.3193522
KTP Hospital,hospital,10.427079,79.316989
LMS Hospital,hospital,10.4226409,79.3227835
Sabarish Hospital,hospital,10.427037,79.317748
Krishna Hospital,hospital,10.4293152,79.3200118
Dravidian Speciality Hospital,hospital,10.425805,79.317598
Balakrishnan Hospital,hospital,10.422394,79.3209206
PVS.Velan Multi Speciality Hospital,hospital,10.424084,79.312554
Meera Mohaideen Hospital,hospital,10.4228743,79.3182816
TAK Hospital,hospital,10.4237096,79.3185066
Venkateswara Siddha Hospital,hospital,10.357689,79.181816
Dr. jameal Hospital,hospital,10.282775,79.201023
Chandra Labor Hospital,hospital,10.4254347,79.3196866
Shabana Hospital,hospital,10.4227869,79.3205685
Harish Hospital,hospital,10.3633342,79.1995314
Care Hospital,hospital,10.4270749,79.3167662
Saravanan Hospital,hospital,10.425292,79.3140909
Dr. Showkatali Hospital,hospital,10.2834584,79.1973168
Tharshana Hospital,hospital,10.2869173,79.2035655
Viveganandha Hospital,hospital,10.286082,79.20051
J.M.Child Care Hospital,hospital,10.4217573,79.3178295
Dr. Ayyasamy Children Hospital,hospital,10.4267929,79.318006
Ayyappa Hospital,hospital,10.289352,79.198536
Sridharbabu Hospital,hospital,10.4202371,79.3201851
Rajeshwari Hospital,hospital,10.420348,79.3218584
Arun Homoeo Hospital,hospital,10.425013,79.312194
Nesam Hospital,hospital,10.286363,79.205032
Tamilmaniam Hospital,hospital,10.4244536,79.3198093
Dr. Selvi Hospital,hospital,10.286058,79.199456
Aishwarya Hospital,hospital,10.427261,79.317183
Janki Hospital,hospital,10.4270549,79.3173932
Government Hospital,hospital,10.2490969,79.2791107
Thoncy Hospital,hospital,10.363575,79.199209
Appasamy Hospital,hospital,10.4270013,79.318079
Maha Hospital,hospital,10.424144,79.3157914
Kuthaperumal Hospital,hospital,10.422895,79.320832
Sri Eazhumalayan Hospital,hospital,10.422795,79.320802
Pranna Hospital,hospital,10.4192926,79.3213414
Amirtha Hospital,hospital,10.285628,79.200159
Vedha Hospital,hospital,10.4203037,79.3199838
Sakthi Kumaran Pediatrics and Neonatal Care Hospital,hospital,10.423156,79.31918
Velmurugan Hospital,hospital,10.427081,79.316111
Dr. Rajendran Hospital,hospital,10.432769,79.308232
Dr. Shahul Hameed Eye Hospital,hospital,10.4203684,79.319462
Sri Ranganathan Hospital,hospital,10.4217647,79.3210115
Sivaraj hospital,hospital,10.422721,79.3191311
A J Hospital,hospital,10.2872928,79.2018551
Selvam hospital,hospital,10.427042,79.315965
Dr. V.P. Arun Hospital,hospital,10.285453,79.199971
Srinivasa Hospital,hospital,10.4267804,79.3174162
Dharshana Hospital,hospital,10.286677,79.203238
Ganesa Thevar Hospital,hospital,10.4223193,79.3210942
KK Hospital,hospital,10.4223866,79.3209951
Ranganathan Child Hospital,hospital,10.4186239,79.3205391
Nila Hosptial,hospital,10.2449579,79.2758175
ARM Hospital,hospital,10.4228199,79.3191439
Dravidan Hospital,hospital,10.4270693,79.3183126
Sharmila Hospital and Lab,hospital,10.4267164,79.3181478
Jamal Hospital,hospital,10.2804985,79.196596
PLS Hospital,hospital,10.380345,78.81352
Sri Thoorka Hospital,hospital,10.2671799,78.5387743
Thangam Hospital,hospital,10.605609,78.419321
Matrisadan Hospital,hospital,10.3660748,78.8256986
Tamil Hospital,hospital,10.2358243,79.1413057
Jayaraja Hospital,hospital,10.3784151,78.8075896
Sugam Hospital,hospital,10.604587,78.418333
Sri Rama Hospital,hospital,10.3858207,78.8184805
Guna Nature Cure Hospital,hospital,9.924586,79.1470336
Genis Hospital,hospital,10.3616468,78.835761
Srinivasan Hospital,hospital,10.382118,78.823761
Anbu Hospital,hospital,10.3677073,78.8155926
Sri Venkateshwara Homeo Clinic,hospital,10.377455,78.826167
C.S.R. Hospital,hospital,10.085772,79.148607
Hussesna Begam's Hospital,hospital,10.3765259,78.833754
Government Hospital,hospital,10.1760577,79.1217053
BM Hospital,hospital,10.385173,78.380426
Dr. Muthuraja's Multispeciality Hospital,hospital,10.3816219,78.8149157
Vijayalakshmi Eye Hospital,hospital,10.605085,78.418982
Padmini Hospital,hospital,10.387822,78.819116
MMK Hospital,hospital,10.604419,78.418258
Dr. VKR Hospital,hospital,10.3853975,78.8241042
Ramajayam Hospital,hospital,10.134728,79.222137
Ravi Doctor Hospital,hospital,10.1737674,78.9132133
Vaitheeswara Hospital,hospital,10.3899148,78.8062681
Retna Dhas Hospital,hospital,10.602121,78.415127
Dr. Thiyagarajan Hospital,hospital,10.386305,78.822533
Dr. Santhi Arulamuthan Hospital,hospital,10.376821,78.82175
Rafi Hospital,hospital,10.172204,78.996009
Sri Abirami Hospital,hospital,10.382157,78.818343
Dr.Usha Kannan Hospital,hospital,10.3768284,78.8221094
Papaya Achchi Hospital,hospital,10.27924,78.5317924
Victory Mission Hospital,hospital,10.1903101,78.6905167
Sri Kumaran Hospital,hospital,10.6058775,78.4286822
R.R. Hospital,hospital,10.3785006,78.8216731
Ezhilarasan Hospital,hospital,10.376223,78.825945
Noor Hospital,hospital,10.382828,78.388712
Ramachandra Hospital,hospital,10.385707,78.824306
ACC Hospital,hospital,10.359032,78.83961
Ratna Doss Hospital,hospital,10.605768,78.419283
SS Hospital,hospital,10.3786478,78.815732
Senpagam Hospital,hospital,10.052795,79.23119
RJR Hospital,hospital,10.3833003,78.8004997
Arunagiri Hospital,hospital,10.3807868,78.8182792
AJ Hospital,hospital,10.60704,78.4214745
AGS Hospital,hospital,10.3728696,78.8140908
Muthu Meenakshi Hospitals,hospital,10.3793683,78.8217657
Veeradipatti Hospital,hospital,10.5753776,79.0707097
Dr. Ramdoss Child Hospital,hospital,10.3898784,78.8063825
Valliappa Hospital,hospital,10.2536046,78.6593185
Sudhan Hospital,hospital,11.140418,79.075115
Annai Eye Hospital,hospital,11.1020521,79.6485355
Ganesh Hospital Athur,hospital,11.1746271,79.5775265
Vairam Multi Speciality Hospital,hospital,11.098352,79.652974
Prem Sidhika Hospital,hospital,11.097285,79.652939
Sarojini Children's and Women's Hospital,hospital,11.101075,79.65225
JKR Piles Fistula Hospital,hospital,11.101344,79.653119
Vidusha Hospital,hospital,11.102667,79.650633
KVS Hospital,hospital,11.13724,79.07433
Maruti Siddha Hospital,hospital,11.0970981,79.6424075
As Hospiital,hospital,11.1410538,79.0721399
S. Elangovam,hospital,11.144266,79.078433
Sri Sakthi Hospital,hospital,11.09723,79.642438
Kumaran Hospital,hospital,11.0967084,79.6573404
Joseph Eye Hospital,hospital,11.137742,79.0799142
Suha Priya Hospital,hospital,11.1035958,79.6472522
ESI Hospital,hospital,11.1387235,79.0781279
Santhi Hospital,hospital,11.140068,79.078638
Ceragem Hospital,hospital,11.09982,79.646531
Little Kirsnha Hospital,hospital,11.103106,79.646342
Mayiladuthurai Herbocare Hospital,hospital,11.097799,79.658915
Sai Hospital,hospital,11.1022796,79.6480088
Ayyub ENT Hospital,hospital,11.101862,79.653826
SR Multi Speciality Hospital,hospital,11.0980615,79.6527983
Nalam Hospital,hospital,11.103755,79.650316
Suga Priya Hospital,hospital,11.1033798,79.6487139
Bismi Hospital,hospital,11.092435,79.648159
VGR Hospital,hospital,11.13999,79.070714
Dr. Ramamoorthy Hospital,hospital,11.1009447,79.6522514
Sidharth Eye and ENT Hospital,hospital,11.143425,79.069005
Ponnusamy Hospital,hospital,11.1363755,79.0723104
Punnagai Dental Hospital,hospital,11.1009819,79.6525225
Bhuvaneswari Hospital,hospital,10.780637,79.632445
Government Hospital,hospital,10.7640017,79.639955
Psk Hospital,hospital,10.774901,79.840678
Dr. Balakumaravelu Hospital,hospital,10.8571394,79.4830277
Ramanan Hospital,hospital,10.763601,79.842683
Cahandra Laka Nursing Homes,hospital,10.774226,79.633858
Dr. T Jayakumari Hospital,hospital,10.76533,79.676238
AKR Hospital,hospital,10.7766606,79.6381227
Herbocare Hospital,hospital,10.78103,79.8400124
Santhra Segar Hospital,hospital,10.774674,79.8397
Primary Hospital,hospital,10.870176,79.595111
Vandampalai Lions Eye Hospital,hospital,10.80912,79.637739
Kumaraguru Hospital,hospital,10.7748849,79.616972
Sankara Danvanthiri Hospital,hospital,10.857678,79.482981
Nava Jeevan Hospital,hospital,10.779545,79.609903
Murugappan Hospital,hospital,10.774713,79.840272
Chandrasekar Hospital,hospital,10.774919,79.8384182
Park Hospital,hospital,10.7610454,79.8408982
Amk Hospital,hospital,10.7652282,79.8405213
Vijayas Superspeciality Dental Centre,hospital,10.779481,79.840216
AB Nursing Home,hospital,10.773541,79.636119
Shek Dawth Hospital,hospital,10.765595,79.842405
RJR Hospital,hospital,10.7770791,79.838248
Srivaris Hospital,hospital,10.762093,79.839897
Aaira Eye Hospital,hospital,10.781074,79.634239
V K Ayurveda Hospital,hospital,10.7747396,79.6289664
Sri Jeyam Hospital,hospital,10.759569,79.640025
Shri AP Siddha Hospital,hospital,10.754015,79.63592
Siddha Hospital,hospital,10.77768,79.634273
NSS Hospital,hospital,10.763828,79.843334
Government Hospital,hospital,10.443537,79.589063
Siru Korukkai,hospital,10.527145,79.694403
Government Hospital,hospital,10.596984,79.425105
Dr.Vengadachalapathi Hospital,hospital,10.548498,79.521422
Primary Hospital,hospital,10.5896473,79.3865413
MK Hospital,hospital,10.662356,79.449919
Sadhik Hospital,hospital,10.50106,79.661566
Santhosh Hospitals,hospital,10.663304,79.452983
M.S Hospital,hospital,10.6635936,79.4465559
G N Eye Hospital,hospital,10.6621746,79.4566966
Dr. Ganesan Hospital,hospital,10.3999594,79.4968062
Kamatchi Hospital,hospital,10.663999,79.448481
Yasoda Hospital,hospital,10.399427,79.495263
Indira Hospital,hospital,10.532221,79.640463
Dr. Vijayakumar Hospital,hospital,10.399379,79.497518
R.K. Hospital,hospital,10.663276,79.4480238
Kamakshi Hospital,hospital,10.663492,79.4465617
Jaya Child Care Hosptial,hospital,10.5361279,79.6350956
Sugam Siddha Hospital,hospital,10.666597,79.3930518
Ponmalligai Multi Speciality Hospital,hospital,10.3987599,79.4971012
Sarathy Hospital,hospital,10.536433,79.638343
Jeeva Hospital,hospital,10.531634,79.640476
Bharathiselvan Heart Hospital,hospital,10.6604908,79.4450247
Athiyaman Hospital,hospital,10.534985,79.638295
Government Hospital,hospital,10.6035449,79.5642488
Dr. Thaiyalnayaki Thangamani Hospital,hospital,10.662878,79.449038
Rukmani Hospital,hospital,10.3998581,79.4990654
Dr. Anthonysamy Hospital,hospital,10.9597669,79.3325202
Palani Swami Hospital,hospital,10.9459427,79.2643821
JB Hospital,hospital,10.7040454,79.5232933
Pasumai 24 hours Hospital,hospital,10.741375,79.504647
Puththur Hospital,hospital,10.948469,79.374131
Faridha Hospital,hospital,10.9196222,79.2419179
Gayatri Hospital,hospital,10.9886126,79.4355322
Government Hospital,hospital,10.9373179,79.243103
MMR Siddha Hospital,hospital,11.0934241,79.4538105
Aswa Hospital,hospital,10.8917212,79.395332
Athikkadai Hospital,hospital,10.7509725,79.5001345
Suldhan Habiba Hospital,hospital,10.7351686,79.5070521
Arul Hospital,hospital,11.0139607,79.4815777
Sacred Heart Hospital,hospital,10.9555173,79.4050757
Annai Aadhuraham Hospice,hospital,10.960847,79.342261
Dr. Arunachalam Hospital,hospital,11.0542052,79.412163
St. Paul's Hospital,hospital,10.929973,79.287802
Saromani Hospital,hospital,11.054086,79.4121471
Annai Hospital,hospital,11.091394,79.455289
Government Hospital,hospital,10.926099,79.262681
Mehaboop Hospital,hospital,11.0181,79.481596
Kudanthai Hospital,hospital,10.986026,79.398814
Dr. Sambasivam Childrens Hospital,hospital,11.017575,79.47967
Government Hospital,hospital,10.9588954,79.3275842
Annadurai Hospital,hospital,10.772889,79.415822
Government Hospital,hospital,10.773405,79.416816
Nedumaran Hospital,hospital,10.770698,79.416214
Medway Hospital,hospital,10.97848,79.41375
Pavunpaappa Hospital,hospital,10.926535,79.260185
Government Hospital,hospital,10.905856,79.3308162
Annai Naturopathy Hospital,hospital,11.030524,79.412666
Cancer Hospital,hospital,10.9641495,79.3927394
Pattus Hospital,hospital,10.957929,79.380754
Sha Ahamed Hospital,hospital,10.958578,79.390299
Sri Kamala Nenthra Eyes Hospital,hospital,10.962433,79.378441
Dhamotheran Child Hospital,hospital,10.960273,79.393457
Herbocare Hospital,hospital,10.964416,79.393248
Vejaiyea Hospital,hospital,10.959441,79.381463
Rishicase Hospital,hospital,10.9594157,79.3897504
Arogya Siddha Hospital,hospital,10.9536685,79.3871316
Habisabi Hospital,hospital,10.967431,79.369959
Sri Siddhar Garden,hospital,10.956652,79.383052
Raja Bone Hospital,hospital,10.9709,79.3795366
Sarathalayam Ayurvedic Hospital,hospital,10.959098,79.390046
Amirthaalaya Siddha and Ayurveda Hospital,hospital,10.959176,79.389242
MAN Hospital,hospital,10.961832,79.382114
Dr. T.P.R Hospital,hospital,10.956878,79.3755665
N.M Hospital,hospital,10.958696,79.38892
Thuya Irudhaya Hospital,hospital,10.957515,79.390195
SAR Hospital,hospital,10.958436,79.37942
Arul Hospital,hospital,10.9566501,79.3656874
GKM Eye Hospital,hospital,10.958996,79.380532
Youth Hospital,hospital,10.958408,79.373633
K. Nilamagam Hospital,hospital,10.962332,79.370174
Kumar Hospital,hospital,10.969216,79.377375
St. Martin's Hospital,hospital,10.956352,79.383189
Hindu Mission Hospital,hospital,10.9642024,79.3927065
Kathir Hospital,hospital,10.961672,79.386569
Saratha Hospital,hospital,10.9566324,79.3841146
Neomed Hospital,hospital,10.9572767,79.3917893
Mangai Sivan Hospital,hospital,10.9570557,79.3825497
Dr. Virudhagiri Hospital,hospital,10.963526,79.397686
Srinivasa Vaithiyar Siddha Hospital,hospital,10.8810823,79.1074185
Velayuthem Hospital,hospital,10.6226047,79.2544668
Government Hospital,hospital,10.421764,79.424862
Government Hospital,hospital,10.863755,79.005244
RCP Hospital,hospital,10.6226114,79.2532918
Government Hospital,hospital,10.861862,79.03943
Thamarai Hospital,hospital,10.485245,79.396418
Keerthi Hospital,hospital,10.627533,79.253079
PNPPCT Hospital,hospital,10.790809,79.303349
Pushpa Hospital,hospital,10.484043,79.39431
Sri Venkateswara Hospital,hospital,10.484552,79.395811
Meenakshi Hospital,hospital,10.9051876,79.2056556
Krishnan Hospital,hospital,10.7873614,78.9797146
Mullai Hospital,hospital,10.387469,79.461608
Danapal Hospital,hospital,10.48024,79.3931102
Al Raahath Hospital,hospital,10.896193,79.1990049
Dr. R.Mahalingam Hospital,hospital,10.8605313,79.1089035
Sornamullai Hospital,hospital,10.484021,79.39467
Maryam Hospital,hospital,10.8989035,79.1977059
Government Hospital,hospital,10.771673,79.050058
R.R. Hospital,hospital,10.87405,79.104608
Surya Hospital,hospital,10.789422,78.979433
Jamaliya Hospital,hospital,10.485137,79.396369
Dr. Hanif Hospital,hospital,10.3431618,79.383939
Padmavathy Hospital,hospital,10.485014,79.396056
Ahanya Hospital,hospital,10.5343859,79.2823989
Government Primary Hospital,hospital,10.76659,79.071235
Government Hospital,hospital,10.397753,79.4088372
Raja Hospital,hospital,10.4843505,79.3950439
Ponmalligai Hospital,hospital,10.387387,79.461409
Government Hospital,hospital,10.520079,79.398261
Dr. Rani Hospital,hospital,10.858197,79.007463
Balakrishnan Hospital,hospital,10.3415497,79.3872294
Nila Psychiatric Hospital,hospital,10.704411,79.052821
Ap Hospital,hospital,12.128501,78.157373
Nagaraj Hospital,hospital,12.1106251,78.1518148
Vishal Hospital,hospital,12.1067011,78.1361487
Kamala Nehru Hospital,hospital,12.13404,78.1633476
Jyothi Laser Eye Hospital,hospital,12.1324296,78.1643197
Shyam Sundar Hospital,hospital,12.1311917,78.1638458
The Light Eye Hospital,hospital,12.1321184,78.1594
Ammakannu Hospital,hospital,12.119828,78.1566101
BGR Hospital,hospital,12.1308406,78.1610398
Sri Sai Sakthi Siddha Hospital,hospital,12.0965297,78.1396218
Venkatesh Ortho Trauma Hospital,hospital,12.1301667,78.1614714
Nagaraj Hospital,hospital,12.1313002,78.1637853
SSS Hospital,hospital,12.1313019,78.1603435
Sri Annai Hospital,hospital,12.1299576,78.1614455
Sugam Hospital,hospital,12.0950124,78.1247908
Arul Hospital,hospital,12.1309667,78.157854
MMM Children & Skin Care Hospital,hospital,12.1282265,78.1576734
Ssk Hospital,hospital,12.1188726,78.1565367
Kumudha Hospital,hospital,12.1324596,78.1620599
D.N.V Hospital,hospital,12.1351328,78.162869
Gowri Eye Hospital,hospital,12.1327566,78.1618526
Mahendran Dental Hospital,hospital,12.1328544,78.1615842
Pragadeesh Hospital,hospital,12.135284,78.1591867
Dharmapuri Cancer Centre,hospital,12.1252142,78.1574084
Usha Hospital,hospital,12.1259805,78.1586924
Samvruth Hospital,hospital,12.1145527,78.1550961
Rajarajan Hospital,hospital,12.1308139,78.1614702
Kamatchi Hospital,hospital,12.1350608,78.1594841
Samyuktha Hospital,hospital,12.1283621,78.1606407
Nalam Hospital,hospital,12.1099261,78.1515817
Sundaramurthy Hospital,hospital,12.131624,78.155903
Raaj Ortho Care Hospital,hospital,12.1325581,78.163019
Navina Hospital,hospital,12.1367521,78.1610296
Kala Eye Hospital,hospital,12.1208845,78.1582225
Vijaya Hospital,hospital,12.1399758,78.1532115
Guru Hospital,hospital,12.1229939,78.1587116
Sree Dhanalakshmi Hospital,hospital,12.1323769,78.1631872
Sri Priya Hospital,hospital,12.135347,78.164391
Jedaiah Steve Hospital,hospital,10.077245,78.784929
RJR Herbal Hospital,hospital,10.0768347,78.7813266
Varshini Hospital,hospital,10.0720261,78.7749887
Meenakshi Nursing Home,hospital,10.0832455,78.7670744
Srinivas Children Hospital,hospital,10.07272,78.777909
Kochadaiyan Hospital,hospital,10.0769744,78.7733618
Annai Hospital & Diabetic Care Centre,hospital,10.076688,78.76402
Anandhi Hospital,hospital,10.0744825,78.7760589
Kval Hospital,hospital,10.107743,78.7948
Hemalatha Hospital,hospital,9.8431361,78.6379554
Dr. Manivannan Hospital,hospital,10.075287,78.7636158
Raj Childerns Hospital,hospital,10.078287,78.779199
Sahayarani Hospital,hospital,9.845606,78.6411362
Natesan Hospital,hospital,10.102346,78.845004
Kaanal Koviloor Eye Hospital,hospital,10.079208,78.744695
Jalal Dental Multispeciality Hospital,hospital,10.0885247,78.7800039
Abdulla Mission Hospital,hospital,10.0729261,78.7727491
Vasan Eye Care Hospital,hospital,10.079139,78.781419
Vinayaga Neuro Speciality Hospital,hospital,10.071853,78.7651635
Aravind Eye Hospital,hospital,9.8449261,78.637713
Veera Ortho Care Hospital,hospital,10.0789186,78.7775129
TKS Hospital,hospital,10.072556,78.779364
Om Herbals,hospital,10.075801,78.780713
Benny Hospital,hospital,10.081488,78.774577
Government Hospital,hospital,10.013091,78.697266
Devakumar Hospital,hospital,10.085212,78.775126
Sagayarani Hospital,hospital,9.8452411,78.6407961
Jp Ortho Hospital,hospital,10.0749278,78.7746338
ENT Hospital,hospital,10.0738914,78.7738027
Manoharan Hospital,hospital,10.071364,78.780549
Narayana Moorthi Hospital,hospital,9.8442089,78.6379852
Sridhar Eye Hospital,hospital,10.0698756,78.7837188
Peerkalaikadu Government Hospital,hospital,10.10273,78.915361
Marutha Kanmoi Hospital,hospital,9.87177,78.661558
Srimadhi Hospital,hospital,9.8441884,78.63801
Dr. Balasubramaniyan Hospital,hospital,12.490453,78.5642669
Reva Hospital,hospital,12.6434241,78.5667522
Sapthaghiri Hospital,hospital,12.49228,78.565861
Dr. Boopathi Hospital,hospital,12.4926708,78.5685641
VMG Hospital,hospital,12.5149589,78.5674981
Palani Hospital,hospital,12.5055071,78.5658639
Kumaran Hospital,hospital,12.4889511,78.5700966
Government Hospital,hospital,12.5621758,78.6423285
Siva Nursing Home,hospital,12.5633783,78.5735385
Lakshmipati ENT Hospital,hospital,12.492166,78.562654
Government Hospital,hospital,12.5932764,78.5205618
Chandhiralingam Hospital,hospital,12.4853855,78.6009199
Herbo Care,hospital,12.4965958,78.5670083
Ragaven Hospital,hospital,12.4927591,78.5682625
Sri Vinayaga Hospital,hospital,12.5012932,78.5449399
Balaji Hospital,hospital,12.4808679,78.5543479
Dr. Arockiyam Hospital,hospital,12.5416472,78.5279253
KC Hospital,hospital,12.6342956,78.5697502
VTB Hospital,hospital,12.4927386,78.5682209
Alnoor Hospital,hospital,12.5135598,78.5645133
Dr. Govindaswamy Puttur Hospital,hospital,12.4998272,78.5703112
GBR Fertility Centre and Hospital,hospital,12.486158,78.5617151
Girija Hospital,hospital,12.5913396,78.5118242
Vimala Eye Hospital,hospital,12.4906345,78.5708338
Nikkin Hospital,hospital,12.5706809,78.573184
Ranjitham Baby Care Hospitals,hospital,12.5076822,78.5677521
Thangaraj Hospital,hospital,12.490593,78.570914
NMSI Christukula Ashram Hospital,hospital,12.5010134,78.5438995
Jothi Hospital,hospital,12.5081263,78.5702042
Dr. Sundar Hospital,hospital,12.6232574,78.7533526
Annaitherasa Hospital,hospital,12.5324991,78.5099322
Sundaram Hospital,hospital,9.550139,78.582793
Narumugai Hospital,hospital,9.943948,78.821886
Syed Ammal Hospital,hospital,9.635895,78.845007
City Hospital,hospital,9.5444123,78.593481
S.M Hospital,hospital,9.954777,78.8214332
Vinodhini Hospital,hospital,9.5586505,78.5699182
Jayabharathi Children's Hospital,hospital,9.5451301,78.5879269
Theivaanai Hospital,hospital,9.5486264,78.5887463
Senthil Nayagam Hospital,hospital,9.635971,78.845733
Pradeepa Hospital,hospital,9.543262,78.594008
Muthiah Hospital,hospital,9.544328,78.58823
Rasi Hospital,hospital,9.9611888,78.8070988
Aravind Eye Hospital,hospital,9.946747,78.821895
Indian Hospital,hospital,9.9511849,78.8201923
Sri Meenakshi Siddha Hospital,hospital,9.544328,78.596613
Arockia Hospital,hospital,9.862991,78.75548
Senthil Multi Speciality Hospital,hospital,9.948321,78.822195
Kavya Mental Hospital,hospital,9.849786,78.725172
Krishna Moorthy Hospital,hospital,9.5423103,78.596277
Immiarcarya Hospital,hospital,9.545101,78.587158
Annai Hospital,hospital,9.74225,79.013607
Roja Children Hospital,hospital,9.541595,78.59146
Varnnaa Hospital,hospital,9.5444,78.58923
Jeevan Hospital,hospital,9.5509585,78.5872413
Jayarani Hospital,hospital,9.950157,78.818053
Balavinayagar Hospital,hospital,9.5404973,78.5946543
Dharshana Hospital,hospital,9.9621542,78.8008729
BG Hospital,hospital,9.543168,78.589598
Sri Mathi Hospital,hospital,9.5426789,78.5899907
Arcarya Hospital,hospital,9.5450395,78.5871061
Sri Suba Kowsik Hospital,hospital,9.950882,78.816915
Priya Hospital,hospital,9.5463343,78.5870652
Government Hospital,hospital,9.6379838,78.8586968
Aravind Eye Hospital,hospital,9.548398,78.591627
Anbhu Ramachandran Speciality Hospital,hospital,9.948384,78.818512
Dr. Vengatachalapathy Hospital,hospital,9.5416308,78.5954023
Priya Surgical Hospital,hospital,9.5475076,78.5912765
Government Hospital,hospital,9.7875524,78.8255109
Ganeshamoorthi Hospital,hospital,9.5409777,78.5957703
Kaniyan Hospital,hospital,9.962012,78.8007942
Kaniskha Multi Speciality Hospital,hospital,9.1695987,78.444998
S.K.C,hospital,9.4081419,78.3686127
Durga Siddha Hospital,hospital,9.4422136,78.4382325
Government Hospital,hospital,9.273859,78.748382
Vellari Oodai Hospital,hospital,9.287177,78.956423
Aravind Eye Hospital,hospital,9.287566,79.3142518
Kumaran Hospital,hospital,9.310729,79.01464
Sree Kumaran Electro Homeopathy Hospital,hospital,9.319361,78.624668
R.C. Hospital,hospital,9.1681479,78.4449296
Arumugam Child Care Hospital,hospital,9.344257,78.516364
Hayarnisha Hospital,hospital,9.346048,78.516409
PG Hospital,hospital,9.346732,78.514636
Jeya Shanmuga Hospital,hospital,9.347091,78.515538
Government Hospital,hospital,9.282445,78.823109
Kanmani Hospital,hospital,9.2200594,78.4960474
Xavier Hospital,hospital,9.2846275,79.2172179
Manikandan Hospital,hospital,9.2849511,79.2486184
Helen Hospital,hospital,9.371001,78.616658
Infant Jesus Hospital,hospital,9.270048,78.91814
Saravanan Hospital,hospital,9.1694971,78.4508797
Dharani Hospital,hospital,9.247775,78.64155
Jinna Hospital,hospital,9.440917,78.440986
Government Malaria Hospital,hospital,9.2871911,79.3104069
Al-Bader Hospital,hospital,9.3564863,78.9661889
Krishna Hospital,hospital,9.411367,78.368094
Henry Prince Hospital,hospital,9.2990399,78.9227908
Jase Hospital,hospital,9.363167,78.8468446
Jannath Hospital,hospital,9.3629193,78.8461234
Ak Salma Hospital,hospital,9.3624534,78.8498631
Cattle Hospital,hospital,9.3848922,78.8244781
Singapore Specialist Hospital,hospital,9.3647686,78.8317834
Anandh Hospital,hospital,9.3630824,78.8340446
Sethu Raman Hospital,hospital,9.3672238,78.827914
VG Hospital,hospital,9.3705299,78.8336772
JK Hospital,hospital,9.361624,78.844726
Madurai Ganesh Priya Hospital,hospital,9.363635,78.834644
Kavitha Hospital,hospital,9.365786,78.82775
Arogya Hospital,hospital,9.371553,78.838873
Guru Hospital,hospital,9.3636832,78.8340245
RJR Hospital,hospital,9.358402,78.848002
Lakshmi Hospital,hospital,9.3709937,78.8416663
Anand Eye Hospital,hospital,9.366384,78.834823
Viswanathan Hospital,hospital,9.37085,78.838233
Eswar Hospital,hospital,9.3639444,78.8332387
Kesavan Hospital,hospital,9.3739784,78.8275385
Farook Hospital,hospital,9.3642307,78.8388159
Syed Sathya Hospital,hospital,9.3604014,78.8373896
Chetty Hospital,hospital,9.3613011,78.836931
JJ Lungs Hospital,hospital,9.365413,78.837089
Lena Building,hospital,9.36145,78.844604
Government Hospital,hospital,9.448381,78.895991
Gani Hospital,hospital,9.3717021,78.8389411
CSI Jones Hospital,hospital,9.3647981,78.8270803
Annai Eye Hospital,hospital,9.3641544,78.8336116
Aasi Multi Speciality Hospital,hospital,9.361288,78.853593
Sai Eye Hospital,hospital,9.361717,78.833945
Leelaa Hospital,hospital,9.370321,78.828588
Lakshmi Chikitchaalaya Siddha Hospital,hospital,10.1633034,77.7381933
Prasithi Hospital,hospital,10.36439,77.972361
Agasthiyar Sidhdha Hospital,hospital,10.126435,77.741646
Madurai Surgical Hospital,hospital,10.365751,77.971634
Chellathurai Baby Hospital,hospital,10.369071,77.981442
Dr. Sokkaiyan Hospital,hospital,10.366307,77.972937
S.S. Hospital,hospital,10.366574,77.976708
Abhirami Eye Hospital,hospital,10.368453,77.979709
ENT Hospital,hospital,10.36514,77.979624
Dharshini Hospital,hospital,10.362381,77.969441
Lakshmi Children Hospital,hospital,10.368831,77.981296
Arunachalam Children's Hospital,hospital,10.3659445,77.9755646
Mohanadurga Hospital,hospital,10.366173,77.9712518
Mission Mental Health Hospital,hospital,10.3735161,77.9885065
Durairaj Hospital,hospital,10.3654381,77.9727599
Drake Hospital,hospital,10.366328,77.975978
Nirvin Lung Care Hospital,hospital,10.3726269,77.9811695
KM NU Hospitals,hospital,12.7602587,78.7016854
David Hospital,hospital,12.6800933,78.6217087
Al Aqsa Unani Hospital,hospital,12.783167,78.718244
Bethel Eye and General Hospital,hospital,12.7805901,78.7162115
,hospital,12.7791002,78.7152181
Dinesh Hospital,hospital,12.7825224,78.7135087
Sai Senthil Hospital,hospital,12.675338,78.622303
Aysha Hospital,hospital,12.6822087,78.6162192
KM Hospital,hospital,12.7859642,78.7217934
Dr. Yasir Unani Herbal Hospital,hospital,12.680914,78.6204016
Dr. Akbar Kausar's Herbal Hospital,hospital,12.6735932,78.6274915
Sana Hospital and Health Care,hospital,12.6774423,78.6141207
Riya Hospital,hospital,12.7106852,78.6521219
Newtown Government Hospital,hospital,12.6743086,78.6260034
Al Kausar Herbal Hospitals,hospital,12.6750494,78.6258247
Gem Hospital,hospital,12.7817382,78.7156351
Danu's Home,hospital,12.787306,78.716517
T.G.P. Hospital,hospital,12.7922173,78.7181067
Nagaraja Skin Hospital,hospital,12.7846618,78.714598
Dr. Parvathi Hospital,hospital,12.6786712,78.6166689
Sruthi Speciality Hospital,hospital,12.7869527,78.7222034
Vaniyambadi Multi Speciality Hospital,hospital,12.6801561,78.6217264
Raffah Hospital,hospital,12.6762221,78.614
Ikram Hospital,hospital,12.681111,78.6149774
Government Hospital,hospital,12.6500792,78.6938792
Pulippani Siddha Hospital,hospital,12.6796389,78.6182802
Kafeel Multispeciality Hospital,hospital,12.6815276,78.6160666
Agarval Eye Hospital,hospital,12.7783023,78.7165746
Dr. Ifthi's Unani Herbal Hospital,hospital,12.6769021,78.6183925
"SR Hospital, Vaniymbadi",hospital,12.6808002,78.6216025
AR Hospital,hospital,12.6810937,78.6150643
AA Ramhan Hospital,hospital,12.6812889,78.6204972
Government Hospital,hospital,12.7967638,78.6900285
Vittal Hospital,hospital,12.788082,78.7222018
Bethesda Mission Hospital,hospital,12.7780521,78.7202772
Tharun Kudil Hospital,hospital,9.9212969,78.1615189
Vikram Multispeciality Hospital,hospital,9.9305749,78.16973
Rameshraja Hospital,hospital,9.9352872,78.09157
KKR ENT Hospital,hospital,9.936116,78.096756
Sri Bala Hospital,hospital,9.9366638,78.0969709
JK Children Hospital,hospital,9.938282,78.0953868
Lakshmi Hospital,hospital,9.8999689,78.1012687
Svr Speciality Hospital,hospital,9.896372,78.11267
Rio Hospital For Women and Children,hospital,9.9258352,78.1697767
JK Hospital,hospital,9.9361397,78.0965492
Mariya Magaperu Hospital,hospital,9.8955197,78.1182082
Kokila Siddha Hospital and Research Centre,hospital,9.905763,78.1072282
Gayathri Hospital,hospital,9.935155,78.096547
Healer Ashokan Hospital,hospital,9.8920876,78.1194898
Kavitha Hospital,hospital,9.937704,78.091982
Government Hospital,hospital,9.982645,77.7337233
GV Dental Hospital,hospital,9.9004396,78.1012896
Kishore Hospital,hospital,9.893505,78.117191
Avani Hospital,hospital,9.8814015,78.1143092
Vidhya Hospital,hospital,9.8718256,78.197628
Altab Hospital,hospital,9.9371857,78.0970744
ESI Hospital,hospital,9.872738,78.193315
Lakshmi Gastro & Laproscopy Hospital,hospital,9.896912,78.11886
Arogya Multispeciality Hospital,hospital,9.9365041,78.0968704
Pandian Dental Hospital,hospital,9.8966221,78.1176786
Sridevi Hospital,hospital,9.9369226,78.0971186
Dhiraviyam Pillai Hospital,hospital,9.9091459,78.1207956
Jain Hospital and Lab,hospital,9.9116468,78.1164928
Harish Hospital,hospital,9.9137658,78.0971219
Gurumithrren Hospital,hospital,9.92174,78.09211
Aathi Eye Hospital,hospital,9.912715,78.124782
Daisy Hospitals,hospital,9.9248063,78.0933925
Sorna Hospital,hospital,9.911665,78.1132588
Apollo Skin Hospital,hospital,9.911095,78.1186081
D Care Dental Hospital,hospital,9.9128264,78.124435
Chandra Bai Hospital,hospital,9.913943,78.098275
St. Anthony's Hospital,hospital,9.918787,78.103896
Anugraham Hospital,hospital,9.9141612,78.1237842
Dr. Ravisankar Children Hospital,hospital,9.911745,78.119082
Green Life Siddha Hospital,hospital,9.9159336,78.0966468
Skin Care Hospital,hospital,9.911496,78.11733
Kennedy Maternity Hospital,hospital,9.914239,78.129882
Vijaya Hospital,hospital,9.915456,78.1157338
Blue Modern Hospital,hospital,9.9176654,78.1323496
Sivakasi Nadar Hospital,hospital,9.918846,78.124499
AV Shanmugam Hospital,hospital,9.9171019,78.125569
Raj Hospital,hospital,9.915934,78.090646
Pr Hospital,hospital,9.9206863,78.1286734
Surya Hospital,hospital,9.9157761,78.1305495
Aravind Eye Hospital,hospital,9.9139784,78.1249392
Silvester Asan Hospital,hospital,9.9245415,78.0985946
Navamani Hospital for Children,hospital,9.926151,78.100503
Sandeep Memorial Hospital,hospital,9.9159407,78.1251246
Madurai Multispeciality Hospital,hospital,9.9252048,78.091984
Dr. Nainar Hospital,hospital,9.9131231,78.1124
K.K Hospital,hospital,9.926662,78.092173
Sri Kamakshi Vasantham Hospital,hospital,9.9107008,78.1218416
Siva Jyothi Childrens Hospital,hospital,9.9173119,78.1321905
Poornima Hospital,hospital,11.215533,78.16911
Dhanvantri Multi Speciality Hospital,hospital,11.451362,77.766602
Nagarajan Hospital,hospital,11.2171673,78.1718618
Vasantham Hospital,hospital,11.2187521,78.161599
Kathiravan Hospital,hospital,11.226651,78.167351
Alpha Life Urology & Andrology Centre,hospital,11.2394378,78.165596
Kiruba Hospital,hospital,11.2107891,78.1677358
P.N Hospital,hospital,11.212276,78.170878
Sugam Children's Hospital,hospital,11.2060083,78.1854033
B.M Hospital,hospital,11.242188,78.166518
Rudhra Hospital,hospital,11.226569,78.163216
SMK Hospital,hospital,11.2172759,78.1706866
Aburvaa Ayurveda Hospital,hospital,11.2228807,78.1640453
Rajendran Children's Hospital,hospital,11.2251887,78.1649142
Sri Ramana Hospital,hospital,11.223503,78.1685433
Dhanvanthri Hospital,hospital,11.4496712,77.7593772
Vignesh Hospital,hospital,11.224818,78.1621315
Natasan Hospital,hospital,11.2202016,78.1639129
Vanitha Child Care & Skin Hospital,hospital,11.2243378,78.16811
Pragalath Hospital,hospital,11.2022482,78.1679145
Dr. Kandasamy Hospital,hospital,11.216051,78.172052
Maharishi Eye Hospital,hospital,11.219304,78.1610484
Venkat Hospital,hospital,11.2253645,78.1646159
Government Hospital,hospital,11.4525596,77.7749426
Shree Akhshaya Hospital,hospital,11.2356716,78.165237
Children's Hospital,hospital,11.220084,78.1639673
Imayam Speciality Hospital,hospital,11.2078899,78.1797861
Namakkal Neurocare Hospital,hospital,11.218663,78.15976
Sri Dhanvanthries Hospital,hospital,11.2241181,78.1678614
Dr. A. Nagarajan Children's Hospital,hospital,11.212765,78.1747068
Shree Meenakshi Dental Hospital,hospital,11.225269,78.164275
Annai Hospital,hospital,11.4437321,78.4858654
Rk Memorial Hospital,hospital,11.5975972,78.5993824
Government Hospital,hospital,11.572472,78.497407
Sri Andavhar Nursing Home,hospital,11.6010351,78.5974614
Government Hospital,hospital,11.5617651,78.6762531
Government Hospital,hospital,11.6631983,78.4765825
Pannerselvam Hospital,hospital,11.587014,78.755058
Sri Balaji Hospital,hospital,11.4954588,78.6981634
Abhi Eye Hospital,hospital,11.5980207,78.6003698
Government Hospital,hospital,11.597079,78.600619
Panneerselvam Hospital,hospital,11.598067,78.599939
Anugraha Hospital,hospital,11.5963566,78.5941161
Lakshitha Hospital,hospital,11.5952715,78.6094785
Government Hospital,hospital,11.5385058,78.4835909
Kalyani Memorial Hospital,hospital,11.599983,78.596223
Sri Dhanvantari Children Hospital,hospital,11.5991194,78.5999856
Thai Hospital,hospital,11.4424776,78.4894516
Government Hospital,hospital,11.4974141,78.6899663
Selvam Hospital,hospital,11.585978,78.748761
Meenachi Hospital,hospital,11.6370665,78.7556702
Panchayat Hospital,hospital,11.550238,78.485025
Ohm Sakthi Hospital,hospital,11.475373,78.737558
Arul Gandhi Physiotherapy Hospital,hospital,11.5979315,78.6003262
St. Joseph Hospital,hospital,11.5990918,78.6003644
Dr. Ramu Life Care Hospital,hospital,11.4426079,78.4879762
Dr. Prabhusankar Hospital,hospital,11.586292,78.755837
Mugamadhu Absal Hospital,hospital,11.51225,78.643016
Amn Hospital,hospital,11.5052982,78.6434003
Amsh Agathiyar Sidha Hospital,hospital,11.650564,78.483542
Vinola Hospital,hospital,11.4439899,78.4857585
Sakthi Sivam Hospital,hospital,11.5959889,78.5941723
Gokulam Hospital,hospital,11.597356,78.598403
Government Hospital,hospital,11.5967429,78.6384016
Abi Hospital,hospital,11.59319,78.560129
Arun Hospital,hospital,11.599848,78.596343
Arokiyamatha Hospital,hospital,11.5051929,78.6432548
Government Hospital,hospital,11.3501634,78.6138846
"Saraswathi Hospital, Valapady",hospital,11.6563505,78.4009062
Prabushankar Hospital,hospital,11.584239,78.7490323
Kavery Hospital,hospital,11.5037127,78.647366
The Chirist Hospital,hospital,11.4443163,78.4862134
Malar Hospital,hospital,11.6567854,78.3928345
Chiranjeevi Hospital,hospital,11.5998283,78.594309
Devaki Hospital,hospital,11.6564189,78.402376
Government Hospital,hospital,11.437014,78.5247325
Kumar Eye Hospital,hospital,11.5978065,78.5984006
RSP Siddha and Varma Hospital,hospital,11.6727719,78.1418429
Krishna Fertility and Laparoscopy Hospital,hospital,11.6643332,78.1459989
Dr. Latha's Hospital,hospital,11.6564429,78.1606806
Thamilchelvi Hospital,hospital,11.6587954,78.1686235
Venkatesh Hospital and Urology Centre,hospital,11.6759517,78.1324029
Dr. Ramu Life Care Hospital,hospital,11.656645,78.164504
London Ortho Speciality Hospital,hospital,11.6597962,78.1507714
Fairlands Eye Cure,hospital,11.677959,78.1415897
Malar Maternity Hospital & Arul Eye Care,hospital,11.6711265,78.1554168
Dr. Agarwal Vasans Eye Hospital,hospital,11.6696681,78.1417073
Dr. P. Sundarrajan Neuro Hospital,hospital,11.6742791,78.1499738
Mahadevas Ayurvedic Hospital,hospital,11.6752045,78.1517396
KS Siddha & Varma Hospital,hospital,11.666952,78.141606
Andandhammal Hospital,hospital,11.669873,78.14765
Vignesh Hospital,hospital,11.656657,78.164504
Kattabomma Hospital,hospital,11.6689589,78.1371173
Pramilagurunathan Hospital,hospital,11.6544063,78.1464484
Konlampatty Enocall Hospital,hospital,11.6642816,78.1459647
Ramalingam Hospital,hospital,11.6689149,78.1311615
S.P.S. Hospital,hospital,11.6669469,78.1445952
Ammani Multi Speciality Hospital,hospital,11.671775,78.156181
Kavin Eniyan Hospital,hospital,11.677643,78.144129
Saravana E.N.T Hospital,hospital,11.6720221,78.1394629
Surya Sugalaya Hospital,hospital,11.6716498,78.1538322
KS Siddha Hospital,hospital,11.6752685,78.1633063
Shreevarma Ayurveda & Siddha Hospital,hospital,11.6707338,78.1498149
Sudha Hospital,hospital,11.6691694,78.142588
Dr. S. Rajendran Children Hospital,hospital,11.6707079,78.1421878
Eka Hospital,hospital,11.6691926,78.1425812
Annapoorna Hospital,hospital,11.6425561,78.1588815
Vaniyambadi Unani Hospital,hospital,11.6535949,78.1649379
Life Care Hospital,hospital,11.6452364,78.1546993
Ak Hospital,hospital,11.6669992,78.1565393
NS Hospital,hospital,11.655035,78.161624
Neuro Foundation,hospital,11.664265,78.13213
Neelambaal Hospital,hospital,11.655704,78.1625639
Shree Varma Ayurveda Hospital,hospital,11.656905,78.14717
Sureka Hospital,hospital,11.676423,78.1550511
Sukumar Hospital,hospital,11.6601745,78.1447516
Janani Sree Eye Hospital,hospital,11.6445844,78.1543916
Revathi Hospital,hospital,11.6698571,78.1526859
Anbu Hospital,hospital,11.6402823,78.152387
S.K.S. Hospital,hospital,11.670548,78.143109
Balaji Skin Hospital,hospital,11.676166,78.1379488
Obuli Hospital,hospital,11.6631739,78.1553803
Lavanya Hospital,hospital,11.668831,78.1337965
Ramana Surgical Hospital,hospital,11.6731205,78.15862
RJR Hospital,hospital,11.6719465,78.1432779
Sri Vaari Hospital,hospital,11.6763726,78.1467277
KSB Speciality Hospital,hospital,11.6578993,78.166628
Sri Vaari Raja Sidha Hospital,hospital,11.6668535,78.1422245
Pathanjali Ayurvedha Hospital,hospital,11.671244,78.141525
Manipal Fertility Hospital,hospital,11.6726603,78.1586522
Corporation Maternity Hospital,hospital,11.6524437,78.154675
Ark Hospital,hospital,11.6716723,78.1403218
Krishna Speciality Hospital,hospital,11.676751,78.145561
Rainbow Hospital,hospital,11.6722366,78.13774
Dr. Sasi Eye Care,hospital,11.6743698,78.1379234
Saravana Hospital,hospital,11.7409303,78.0458308
Janani Medical Centre Hospital,hospital,11.675896,78.104826
GJB Hospital,hospital,11.8713998,78.0980288
Vinayaka Child Hospital,hospital,11.745812,78.0480225
Dr. G.R.Thilakam Hospital,hospital,11.746097,78.04769
GV Jayam Hospital,hospital,11.6684909,78.1810415
Arun Hospital,hospital,11.7429892,78.0466881
Nalam Hospital,hospital,11.5315309,78.0533249
Universal Cancer Hospital,hospital,11.6336739,78.1267767
Grace Hospital,hospital,11.7742959,78.2092285
Dr. Nagaraj Hospital,hospital,11.7464035,78.0472401
Thulasi Hospital,hospital,11.7461516,78.0469984
Government Hospital,hospital,11.7581107,78.0180657
Lakshmi Hospital,hospital,11.6601357,78.1904563
Amirthalingam Hospital,hospital,11.7456708,78.0470548
Malligai Nursing Home,hospital,11.5308602,78.0529837
Kiran Diabetic Hospital,hospital,11.6957337,78.1625792
SR Hospital,hospital,11.6075985,78.0070051
Sree Vasantham Hospital,hospital,11.540146,78.0545787
Dr. Malathi Anbalaya Hospital,hospital,11.6642243,78.1754526
Providence Hospital,hospital,11.7706422,78.2015143
Kamala Hospital,hospital,11.8722588,78.0899189
Akitha Hospital,hospital,11.6256027,78.1489875
Sugumar Hospital,hospital,11.7396031,78.0426955
Dr. Pandiyarajan Hospital,hospital,11.692704,77.969344
C.M. Hospital,hospital,11.6747345,78.1255034
Sharan Hospital,hospital,11.7828854,78.2115014
Government Hospital,hospital,11.81292,78.265009
Subam Hospital,hospital,11.6069532,78.0042593
Dr.Jairaman Homeopathy Hospital,hospital,11.6349272,78.1510927
Mythili Hospital,hospital,11.533594,78.050881
Children Hospital,hospital,11.7458377,78.0480205
Dr. Sithan Hospital,hospital,11.5301463,78.05409
Malar Hospital,hospital,11.7041061,78.16998
Government Hospital,hospital,11.624775,78.002583
Dr. Sengodan Hospital,hospital,11.6959527,77.9695325
Deepam Speciality Hospital,hospital,11.6269734,78.1476357
Tharamangalam,hospital,11.6916951,77.96677
Dhanalakshmi Hospital,hospital,11.5318866,78.0514614
Nesam Medical Centre and Hospital,hospital,11.6078647,78.0073456
Vinayaka Mission's Homeopathic Medical College & Hospital,hospital,11.583617,78.059145
Udhayam Hospital,hospital,11.625819,78.145958
Bethel Hospital,hospital,11.8699472,78.1388598
Prabha Hospital,hospital,8.82487,77.848357
Habibia Hospital,hospital,8.9315938,78.0895673
Government Hospital,hospital,8.910024,78.021363
,hospital,9.1766246,77.8674968
St Annes Hospital,hospital,8.877448,78.025511
Jeya Shri Hospital,hospital,9.181803,77.860087
Gopal Children's Hospital,hospital,8.945271,77.771705
One Rupee Hospital,hospital,9.1633254,77.8665814
Sri Siddhar Siddha Hospital & Research Centre,hospital,9.184182,77.850617
Santhi Hospital,hospital,9.1326814,78.1665423
Dr. S. Perumal Siddha Hospital,hospital,9.296452,78.135617
Sri Sendur Hospital,hospital,9.174386,77.8663602
Government Hospital,hospital,9.216457,78.206952
Government Hospital,hospital,9.129046,78.16824
Meenatchi Hospital,hospital,9.177407,77.872385
Rukumani Hospital,hospital,9.1496729,77.9943643
Sri Lakshmi Hospital,hospital,9.173894,77.865731
Selvam Hospital,hospital,9.147583,77.994086
Murali Nursing Home,hospital,9.1797587,77.8720657
Dr. Sennakesvan Hospital,hospital,9.174734,77.868017
J.V. Hospital,hospital,8.663892,77.826694
Ganga Hospital,hospital,9.1728787,77.864882
Kumar Hospital,hospital,9.147513,77.989551
RMS Hospital,hospital,9.17461,77.863934
Srinivasa Hospital,hospital,9.1732982,77.8651038
Vediyal Hospital,hospital,9.3195279,78.0805765
Visakan Hospital,hospital,9.175538,77.879661
Siva Sakthii Hospital,hospital,9.177053,77.866514
Meenakshi Hospital,hospital,9.176971,77.871751
Karthik Nursing Home,hospital,9.17563,77.866287
Surya Hospital,hospital,8.7154667,77.848558
Raj hospital,hospital,9.132756,78.167931
Sangeetha Thanaraj Hospital,hospital,8.873539,78.026203
Government Hospital,hospital,8.747166,77.935693
Parithi Homeopatthi Hospital,hospital,9.1763119,77.8665546
Thulasi Hospital,hospital,9.174867,77.8651564
Vasan Hospital,hospital,9.174534,77.866054
Jayashri Hospital,hospital,9.132309,78.1662
Aravind Eye Hospital,hospital,9.1760067,77.8717781
Government Hospital,hospital,8.796133,77.950164
Government Ayurvedha Hospital,hospital,8.9707417,78.1853066
Balaji Hospital,hospital,9.1779246,77.8743314
Bhuvaneswari Hospital,hospital,8.912955,78.021108
Priya Hospital,hospital,9.129781,78.164141
Jai Hospital,hospital,9.163599,77.847711
Sri Hospital,hospital,9.17317,77.874336
Shakthi Eye Hospital,hospital,9.438203,77.540773
Sri Ram Hospital,hospital,9.4433941,77.5564398
Lora Hospital,hospital,9.5887426,77.9521865
Kanaga Hospital,hospital,9.4546566,77.5488002
RJPM Govt Maternity & Health Care Centre,hospital,9.4590865,77.5551908
Ceragem,hospital,9.454065,77.558375
Ramco Hospital,hospital,9.4435847,77.5521026
Shanmuganathan Eye Hospital,hospital,9.5475012,77.9467473
Giridharan Hospital,hospital,9.581156,77.953217
Rajaram Children Hospital,hospital,9.4554333,77.5559955
St. Luke's Eye Hospital,hospital,9.580234,77.958565
Alagappa Hospital,hospital,9.4540646,77.5567002
Chandra Hospital,hospital,9.2714406,77.822955
Nagarathina Orthopedic Hospital,hospital,9.455881,77.558952
Aanand Hospital,hospital,9.447643,77.554622
Madhavan Hospital,hospital,9.455104,77.55915
Chidambaram Nagammal Hospital,hospital,9.5785134,77.9602552
Vimala Hospital,hospital,9.579475,77.956456
Navamani Hospital,hospital,9.454473,77.558057
Sri Navamani Super Speciality Hospital,hospital,9.4546025,77.5585014
Alagusundarammal Hospital,hospital,9.453745,77.552567
Jeyaram Children's Hospital,hospital,9.447684,77.561925
Aandal Hospital,hospital,9.45433,77.558224
Jhanapriya Hospital,hospital,9.543734,77.944851
VVV Hospital,hospital,9.615482,77.957509
Pari Hospital,hospital,9.4475621,77.5548936
Bindya Hospital,hospital,9.455384,77.5583589
Dr. Dhanapal Hospital,hospital,9.5844845,77.95625
Santhilal Hospital,hospital,9.4579981,77.5564709
Elango Hospital,hospital,9.5864124,77.9594752
Meenakshi Hospital,hospital,9.4417536,77.5610746
Jayanthi Hospital,hospital,9.577714,77.96403
Government Primary Hospital,hospital,9.413208,78.047839
ESI Hospital,hospital,9.4376837,77.5686909
Venus Hospital,hospital,9.588192,77.951498
Dr. Jeevarajan Hospital,hospital,9.602919,77.956025
Holycross Hospital,hospital,9.523213,77.944261
Jhansibhai Hospital,hospital,9.454029,77.558487
Lakshimi Multi Speciality Hospital,hospital,9.4406214,77.5557895
Sakthi Bala Hospital,hospital,9.4432964,77.5577872
Bhima Raja Hospital,hospital,9.4447751,77.5522675
Lakshmi Priya Hospital,hospital,9.587468,77.952076
Jaisree Hanuman Hospital,hospital,9.585722,77.957568
R S Ortho Hospital,hospital,9.454815,77.559622
Jana Priya Hospital,hospital,9.543132,77.9430416
Balamrishnan Hospital,hospital,9.5742864,77.9618764
Veeramani Hospital,hospital,9.425538,78.206008
Arvind Hospital,hospital,9.438297,77.565367
SSS Hospital,hospital,11.7501471,77.8832809
JP Nature Cure Hospital Siddha and Naturopathy,hospital,11.7002949,77.8770897
Selvakumar Hospital,hospital,11.836215,77.945842
Village Welfare Hospital,hospital,11.7566733,77.895293
Parusuraman Hospital,hospital,11.697164,77.877792
Thangavelu Hospital,hospital,11.8177944,77.856542
Laxmi Narasimar Hospital,hospital,11.816251,77.8449419
Aarampa Sugathara Nilayam,hospital,11.793117,77.922026
Thiagu Memorial Hospital,hospital,11.8490566,77.7518555
Thiyagaraja Hospital,hospital,11.817091,77.846671
Sathya Hospital,hospital,11.7864589,77.8004201
Sri Sakthi Hospital,hospital,11.835714,77.9451014
Rishan Hospital,hospital,11.879358,77.9286133
Rajamma Hospital,hospital,11.816234,77.8440199
S.K.A Hospital,hospital,11.7816111,77.797688
Devi Hospital,hospital,11.7940977,77.7981799
Arun Hospital,hospital,11.794117,77.797977
Vasu Speciality Hospital,hospital,11.8331097,77.943169
Chinnakavur Hospital,hospital,11.7830314,77.8206836
Rajamanickam Hospital,hospital,11.8332408,77.9431081
Child Hospital,hospital,11.833001,77.943415
Nakul Hospital,hospital,11.6954119,77.8796544
Dhiviya Siddha Hospital,hospital,11.7159513,77.7100608
Government Hospital,hospital,11.758158,77.894528
Smp Medical Center and Hospital,hospital,11.7648873,77.7933172
Rajeshwaran Hospital,hospital,11.696836,77.879517
Government Hospital,hospital,11.7396142,77.9166506
Srilakshmi Hospital,hospital,11.7601,77.892272
Prasath Hospital,hospital,11.7942437,77.7977734
Mugil Hospital,hospital,11.7809533,77.7941437
Government Hospital,hospital,11.704048,77.820965
Naveen Nursing Home,hospital,11.8335355,77.9437441
Narkunam Siddha Hospital,hospital,8.4962638,78.1247532
Murugan Hospital,hospital,8.493247,78.117014
Arasoor Ananthah Hospital,hospital,8.3524188,77.8958285
Saravanas Hospital,hospital,8.481931,77.925575
Naduva Kurichi Kashpa Hospital,hospital,8.374123,77.923563
Karpagam Hospital,hospital,8.428504,78.029092
Suresh Hospital,hospital,8.6241838,78.0249038
Kruthick Skin Hospital,hospital,8.497633,78.117751
Nava Mudalur Government Hospital,hospital,8.417318,77.945208
Dr. Sumathi Hospital,hospital,8.442944,77.915233
Anantha Aparna Hospital,hospital,8.49253,78.045211
Srithar Hospital,hospital,8.426576,78.032738
Ayyadurai Hospital,hospital,8.569736,78.095062
Rajam Hospital,hospital,8.623771,78.023477
Janaki Raman Hospital,hospital,8.6257952,78.0204223
Swetha Hospital,hospital,8.6078019,77.9410963
Rani Tupps Hospital,hospital,8.5665519,78.1088333
Sumathi Hospital,hospital,8.491627,78.116163
Sundaram Nallathambi Hospital,hospital,8.5686881,78.0958823
Dr. Pitchimani Hospital,hospital,8.444489,77.912554
Arokia Annai Hospital,hospital,8.533076,78.100296
Jayachandra Hospital,hospital,8.622463,78.069171
Sandra Hospital,hospital,8.4473342,77.9147515
Sivaranjani Hospital,hospital,8.431508,78.029483
Venkada Rengan Hospitals,hospital,8.496037,78.119513
Kani Hospital,hospital,8.4962534,78.1250702
Dr. Kirubai Hospital,hospital,8.559331,77.973395
Surya Hospital,hospital,8.509155,78.11664
Divakaran Hospital,hospital,8.5693554,78.1007079
Raja Pinheiro Charitable Hospital,hospital,8.633557,78.116605
Jeya Murugan Hospital,hospital,8.6304551,77.9120952
Jaikapeesha Hospital,hospital,8.431749,78.028455
Thambi Hospital,hospital,8.5008338,77.9370627
Sekar Hospital,hospital,8.4448935,77.9129127
Aravind Eye Hospital,hospital,8.6319319,77.9118165
Jaikapisha Hospital,hospital,8.440613,77.9180479
Bala Hospital,hospital,8.4423,77.905897
Dr. Karmegaraj Hospital,hospital,8.56156,77.977165
Sivakami Nursing Home,hospital,8.4364671,77.9192102
Maragatham Hospital,hospital,8.62441,78.021819
Suba Hospital,hospital,8.4939588,78.1247016
Government Hospital,hospital,8.569212,78.093773
Sri Sankar Hospital,hospital,11.5862984,77.8355021
Muthu Eyecare Hospital,hospital,11.584736,77.8393794
Sri Shankar Hospital,hospital,11.5780699,77.7471671
Saron Hospital,hospital,11.5703864,77.9144607
Government Hospital,hospital,11.563699,77.7881936
Sankari Hospital,hospital,11.4777496,77.873892
Thilagam Hospital,hospital,11.4753573,77.8685829
SKM Hospital,hospital,11.5841611,77.8334397
Adveka Hospital,hospital,11.587877,77.830887
ESI Hospital,hospital,11.4717067,77.8642668
S. P. Eye Hospital,hospital,11.5882719,77.829697
Nivetha Hospital,hospital,11.5858509,77.833451
Dr. Jaganathan Hospital,hospital,11.4752717,77.8709312
Kannan Hospital,hospital,11.5854802,77.8425936
Rathanasamy Hospital,hospital,11.58583,77.833443
Sri Advika Hospital,hospital,11.585049,77.834422
Sri Vellaiyan Hospital,hospital,11.4798876,77.8831394
Kathir Eye Hospital,hospital,11.4740976,77.8681591
Ck Hospital,hospital,11.473504,77.8650523
Arunagiri Hospital,hospital,11.5837095,77.8332129
Siddha Hospital,hospital,11.5827668,77.8022539
Nursery Hospital,hospital,11.4974362,77.7847058
"Vasantha Hospital, Koneripatti",hospital,11.580767,77.7446
Kallampalayam Government Hospital,hospital,11.5388142,77.7871855
Dr. O.S. Subramanium Hospital,hospital,11.584996,77.834235
Mohan Hospital,hospital,11.5841331,77.8336277
Aravinthu Eye Hospital,hospital,11.5866631,77.8341465
KRS Hospital and Diabetic Centre,hospital,11.5848828,77.8449664
SP Hospital,hospital,11.4708567,77.8654872
Aravind Hospital,hospital,11.5854615,77.8424165
Sri Shanthi Hospital,hospital,11.569272,77.901937
Priya Hospital,hospital,11.121393,77.792305
Sabari Eye Hospital,hospital,11.0730612,77.8874324
Sakthi Dental Hospital,hospital,11.2788566,77.5849413
Senthilvel Doctor Hospital,hospital,11.1220935,77.7890859
Sarvathaa Siddha Hospital,hospital,11.1184171,77.7870444
Dr. N Viswanathan Hospital,hospital,11.2412783,77.5005502
Marutham Hospital,hospital,11.2796906,77.5864262
Dr. Palanisamy Hospital,hospital,11.161573,77.603607
Mag Hospital,hospital,11.2804816,77.5959817
Abhirami Hospital,hospital,11.1616659,77.6057677
Gen Siddha Hospital,hospital,11.2375033,77.5059797
Cattle Hospital,hospital,11.1597961,77.6039276
Sivakumar Hospital,hospital,11.2770302,77.5852952
Kavitha Hospital,hospital,11.238653,77.663961
SR Hospital,hospital,11.2835858,77.5905903
Pragash Hospital,hospital,11.282087,77.590162
Thirumurugan Hospital,hospital,11.0771152,77.8845769
Herbert Brough Memorial Hospital,hospital,11.1688371,77.601892
Anu Child Care,hospital,11.2765928,77.5848408
Dharani Hospital,hospital,11.1616599,77.605546
IRT Ramalingam Tuberculosis Hospital,hospital,11.2828419,77.5628621
Sanitorium Hospital,hospital,11.2828041,77.5629626
Government Hospital,hospital,11.2343326,77.719226
Arul Murgan Hospital,hospital,11.161705,77.603603
Nandha Ayurveda Medical College and Hospital,hospital,11.2855531,77.6205354
Dr. Banumathy Hospital,hospital,11.0751666,77.8860226
Kongu Hospital,hospital,11.280273,77.587989
Dr. Jayakanthan Hospital,hospital,11.2738446,77.5881795
Dr. Meghnathan Hospital,hospital,11.1206738,77.7889748
Chinnusamy Hospital,hospital,11.2414262,77.8216267
Nataraj Nursing Home,hospital,11.2351682,77.7785956
Shanmuga Hospital,hospital,11.1650789,77.6036595
KMCH Hospital,hospital,11.2814725,77.5739302
Govindsamy Charitable Trust Hospital,hospital,11.2613869,77.5856778
Kaliappan Hospital,hospital,11.318578,77.486926
Chitra Hospital,hospital,11.0779188,77.8845563
Raja Rajeshwari Siddha Hospital,hospital,11.2843579,77.5907941
Senthil Sengodan Hospital,hospital,11.3190519,77.4893797
Santhi Hospital,hospital,11.2787879,77.5872993
Rama Prasad Multispeciality Hospital,hospital,11.2794959,77.5723401
Madhura Hospital,hospital,11.120712,77.788936
Government Hospital,hospital,11.083128,77.884008
Government Hospital,hospital,11.1935282,77.5923131
N V Nursing Home,hospital,11.2780408,77.5848735
Kaviraj Ayurveda Hospital,hospital,11.3400349,77.7298199
Om Shakthi Hospital,hospital,11.3108011,77.7259973
KB Hospital,hospital,11.32748,77.708083
Dr. Snm Siddha Hospital,hospital,11.3306597,77.7196144
Sri Vijaya Hitech Hospital,hospital,11.3400011,77.7192251
Dr. R.M. Habibullah Hospital,hospital,11.335246,77.7266028
Aditi Ent Hospital,hospital,11.3300862,77.7236924
Nalli Hospital,hospital,11.3463567,77.7171556
Mercury Hospital,hospital,11.3328384,77.7240531
Onco Foundation Cancer Hospital,hospital,11.3340957,77.7183601
Senthil Prakash Hospital,hospital,11.352639,77.732267
Arc Fertility Hospital,hospital,11.3397231,77.7130655
Suriya Hospital,hospital,11.340248,77.7186452
Sreedhareeam Eye Hospital,hospital,11.352858,77.722408
KS Eye Hospital,hospital,11.3465289,77.7175494
KS Hospital,hospital,11.3138357,77.7158992
Sakthipriya Hospital,hospital,11.337874,77.711363
Sri Indra Hospital,hospital,11.328458,77.7128578
Kaviraj Siddha Hospital,hospital,11.347153,77.720863
Agathiyar Siddha Hospital,hospital,11.3174229,77.7254599
Arun Fracture Hospital,hospital,11.3378114,77.7152632
Roja Hospital,hospital,11.3509181,77.7282478
Ajay Gastro Hospital,hospital,11.331873,77.720727
Indrajith Yoga Nature Cure Hospital,hospital,11.3499973,77.732974
Care Hospital,hospital,11.338443,77.716511
Dr. Pondiperumal Hospital,hospital,11.3390924,77.7205408
Bethesda Hospital,hospital,11.3314183,77.7266231
Bharath Hospital,hospital,11.3370288,77.7186516
Abitha Eye Hospital,hospital,11.34021,77.7187589
Sri Kumaran Hospital,hospital,11.3310559,77.7183
Ortho Life Hospital,hospital,11.3395729,77.7167329
SS Hospital,hospital,11.334839,77.732254
Maternity Hospital,hospital,11.3299275,77.7065985
Shri Vijaiah Trauma Care Hospital,hospital,11.3418935,77.7193036
Srinivasa Speciality Hospital,hospital,11.337577,77.715527
Velavan Hospital,hospital,11.3384075,77.7123677
SRC Hospital,hospital,11.3413999,77.7177834
R.L Hospital,hospital,11.3340506,77.7158268
Cauvery Nature Cure Hospital,hospital,11.3459862,77.7171349
Gnanaganesh Hospital,hospital,11.3340114,77.706332
Siddhvedam Siddha Hospital,hospital,11.3336526,77.7063319
Keran Hospital,hospital,11.3400456,77.7154808
Divisional Railway Hospital,hospital,11.3237354,77.7204487
Priya Hospital,hospital,11.346512,77.718023
Gem Hospital,hospital,11.338106,77.7155077
V.S.M. Hospital,hospital,11.337176,77.7113816
Shubiksha Hospital,hospital,11.3318174,77.7299544
Dharshaan Hospital,hospital,11.3320016,77.7204888
Milan Hospital,hospital,11.343591,77.733182
TAT Ent Hospital,hospital,11.34639,77.716936
Nalan Hospital,hospital,11.3399703,77.716773
Guhan ENT Hospital,hospital,11.339489,77.721001
KRN Hospital,hospital,11.330054,77.723136
Surya Hospital,hospital,11.3400026,77.7190977
Sri Hari Hospital,hospital,11.338357,77.7164204
"Sri Jai Shakthi Dentistry, Speciality Children Dental Hospital",hospital,11.3476429,77.7186408
Sri Indhu Hospital,hospital,11.3285353,77.7130688
Immick Hospital,hospital,11.332617,77.728073
Curie Hospital,hospital,11.3380517,77.7140038
Maha Hospital,hospital,11.4372003,77.6781345
Lrk Hospital,hospital,11.4544553,77.6889783
Kharthik Hospital,hospital,11.4516542,77.6871221
Jothikumar Hospital,hospital,11.43687,77.678407
Child Hospital,hospital,11.395736,77.660736
Care 24 Medical Centre & Hospital,hospital,11.326585,77.688148
Ramya Hospital,hospital,11.4512773,77.6870043
S.N.A. Siddha Hospital,hospital,11.44704,77.682877
Kandasamy Hospital,hospital,11.4450062,77.6832304
Sutha Hospital,hospital,11.4365526,77.6796472
Magalya Varmam & Acupuncture Hospital,hospital,11.3927805,77.6579614
Ramu Nursing Home,hospital,11.3928734,77.6593531
Kavin Hospital,hospital,11.4399114,77.6838194
Nalamthaa Siddha Hospital,hospital,11.3253867,77.6901722
Government Hospital,hospital,11.4519113,77.6819742
Janani Hospital,hospital,11.3611499,77.7011804
Annusiya Hospital,hospital,11.4432777,77.6813562
Anbe Sivam Hospital,hospital,11.4508139,77.6854947
Ram Hospital,hospital,11.3927863,77.6593313
Vignesh Hospital,hospital,11.4513898,77.6879679
Government Hospital,hospital,11.371101,77.703436
Thanish Siddha Hospital,hospital,11.430003,77.674964
Erode Hospital,hospital,11.3279227,77.6924918
Gokul Hospital,hospital,11.3943597,77.660327
Shifa Free Hospital,hospital,11.3683589,77.7070167
Gopikrishnan Eye Hospital,hospital,11.451813,77.687171
Shri Mani Hospital,hospital,11.44771,77.6838471
Sumangali Hospital,hospital,11.4427668,77.6827131
SKMH Hospital,hospital,11.4379787,77.6780268
PST Mahaa Hospital,hospital,11.4312903,77.6585751
Erode Emergency Care Hospital,hospital,11.3321621,77.6825693
Immiaditya Hospital,hospital,11.4501276,77.6836088
Sengodan Hospital,hospital,11.3927596,77.6593501
K.G. Baby Hospital,hospital,11.343848,77.699081
Sri Kaalangi Siddhar Mooligai Vaithiya Nilayam,hospital,11.432369,77.674894
Panukudumuti Hospital,hospital,11.3957328,77.6603156
Christhu Jothi Hospital,hospital,11.364103,77.7098785
Mahaswaran Hospital,hospital,11.4519883,77.6882952
Sakthi Hospital,hospital,11.376385,77.683485
LVS Eye Hospital,hospital,11.3475062,77.6969254
Karunya Hospital,hospital,11.451637,77.687949
RKR Neuro Hospital,hospital,11.3278243,77.6991636
Jaswanth Arun Hospital,hospital,11.451794,77.687216
Balakrishna Hospital,hospital,11.4514522,77.688074
Adithya Hospital,hospital,11.4515977,77.6864105
Saraswathi Siddha Hospital,hospital,11.451769,77.6865838
24 Care Hospital,hospital,11.3731527,77.6943299
Sir Ivan Stedford Hospital,hospital,13.1247933,80.1435476
Fathima Hospital,hospital,8.8039359,78.1349747
Malar Hospital,hospital,8.8107915,78.1483029
Skin Hospital,hospital,8.802572,78.147003
Sri Vigneshvara Eye Hospital,hospital,8.806043,78.148865
Laxmi Multispeciality Hospital,hospital,8.809807,78.13499
Nisha Hospital,hospital,8.818391,78.147777
Aravind Eye Hospital,hospital,8.806565,78.139482
,hospital,8.801118,78.133052
Eye Hospital,hospital,8.8018605,78.1416769
G.K. Hospital,hospital,8.800014,78.145503
Alagu Children's Hospital,hospital,8.80493,78.1446
Rajeshwari Hospital,hospital,8.808811,78.158401
Abirami Hospital,hospital,8.801763,78.141978
Sundaram Hospital,hospital,8.79655,78.133094
Lakshmi Hospital,hospital,8.797652,78.153012
Southern Railway Health Unit,hospital,8.807144,78.15367
Thanga Kanniga Hospital,hospital,8.798417,78.148945
Ranjini Hospital,hospital,8.8074617,78.144984
Suba Siddha Hospital,hospital,8.8015038,78.1366273
Dr. Agarwals Eye Hospital,hospital,8.801508,78.137275
ESI Hospital,hospital,8.8122128,78.1612165
Mariam Beevi Hospital,hospital,8.798544,78.133581
General Hospital,hospital,8.797717,78.134947
C.S.I. Jeyaraj Annapackiam Mission Hospital,hospital,8.8178984,78.1542039
Ghurusanadh Hospital,hospital,8.8192535,78.148308
Siroraj Hospital,hospital,8.816451,78.155487
Herbocare Siddha Hospital,hospital,8.7998894,78.140102
Malar Hospital,hospital,8.8164672,78.1614708
VVP Hospital,hospital,8.7954122,78.1416155
Aravind Eye Hospital,hospital,8.805381,78.141538
Grace Hospital,hospital,8.809841,78.143244
Sivakami Hospital,hospital,11.4531846,77.4299288
KRP Hospital,hospital,11.5142473,77.4546226
U M Hospital,hospital,11.4544151,77.4240386
Kariyamanikam Hospital,hospital,11.5229297,77.5134812
Arun Hospital,hospital,11.4538121,77.4305743
NM Hospital,hospital,11.4765419,77.5801178
Government Hospital,hospital,11.5218505,77.5285238
Siddha Hospital,hospital,11.4592522,77.4308223
Sri Varahi Herbal Research Centre and Hospital,hospital,11.4539333,77.4427438
Sengotayan Hospital,hospital,11.4504212,77.4300223
Best Hospital,hospital,11.4543558,77.4263617
Ramachandran Hospital,hospital,11.452242,77.434641
Dr. Gopal Hospital,hospital,11.455258,77.422901
Dr. Kandhasamy Hospital,hospital,11.4750159,77.5798168
Hussainya Homeopathy Hospital,hospital,11.507225,77.386729
MRS Hospital,hospital,11.4590545,77.4284363
SPK Hospital,hospital,11.47498,77.5798076
Rajasekaran Hospital,hospital,11.454463,77.4262
Samuel Hospital,hospital,11.4542555,77.4271194
Kumaran Hospital,hospital,11.4533971,77.4349621
Sivasakthi Hospital,hospital,11.4544711,77.4297229
Assisi Hospital,hospital,11.4636431,77.30493
SS Children's Hospital,hospital,11.4555386,77.4296357
Poorani Ravichandran Hospital,hospital,11.4550863,77.4307802
Kavitha Children's Hospital,hospital,11.4565402,77.4310815
Nalam General & Diabetes Care Hospital,hospital,11.523399,77.51107
SP Dhanapal Hospital,hospital,11.4559935,77.4304406
Subi Hospital,hospital,11.5070348,77.5375885
Karthikeyan Hospital,hospital,11.5068171,77.3844296
Neha Hospital,hospital,11.4560138,77.4270219
JP Hospital,hospital,11.454765,77.438257
Eye Hospital,hospital,11.466427,77.569526
ESI Hospital,hospital,11.457705,77.440475
KKS Hospital,hospital,11.4551792,77.4392927
Government Hospital,hospital,11.4436291,77.3797811
Jesus Hospital,hospital,11.4511405,77.4355211
M.S Children's Hospital,hospital,11.4556012,77.4301006
NSPP Hospital,hospital,11.4576543,77.4328152
Gobi Diabetic Hospital,hospital,11.455394,77.4301181
Bala Hospital,hospital,11.522996,77.512794
Ragav Hospital,hospital,11.475895,77.581045
Dr. P Kathirvel Hospital,hospital,11.5064531,77.3836952
Dr. Rathinasamy Hospital,hospital,11.457562,77.4327752
Sankareswari Eye Hospital,hospital,11.4572997,77.428765
Gobi Neuro Mind Care,hospital,11.4548344,77.434649
Arun Hospital,hospital,11.4548852,77.4250314
Dr. Moorthy Hospital,hospital,11.4546045,77.4308533
SP Hospital,hospital,11.456607,77.430302
Mohindeen Hospital,hospital,8.684624,77.566228
Nimrate Hospitam,hospital,8.826839,77.374085
Elayaraja Orthopaedic Hospital,hospital,8.692185,77.461732
Arun Hospital,hospital,8.714397,77.385855
Kanna Hospital,hospital,8.6819991,77.4668871
Nimrod Hospital,hospital,8.8239964,77.3742084
Chandra Nursing Home,hospital,8.718179,77.383002
Ayya Kovil,hospital,8.757511,77.507067
Precision Dental Clinic,hospital,8.787285,77.726385
Aviztham Siddha Hospital,hospital,8.714996,77.37231
Myopathy Hospital,hospital,8.8909214,77.6510483
Vaigarai Homeopathy Hospital and Research Centre,hospital,8.66824,77.665116
Government Hospital,hospital,8.8950114,77.6761534
Swami Sivananda Centenary Charitable Hospital,hospital,8.6623605,77.5843025
Saro Hospital,hospital,8.81799,77.659295
Pandian Hospital,hospital,8.7044495,77.4562408
Raaja Hospital,hospital,8.726781,77.666446
Lakshmi Hospital,hospital,8.696885,77.518804
BMK Siddha Hospital,hospital,8.6802817,77.5604769
Azeez Hospital,hospital,8.704838,77.458776
,hospital,8.783733,77.723217
Subhalakshmi Hospital,hospital,8.713143,77.393576
Dhanvantri Hospital,hospital,8.6958207,77.5198787
Aravind Eye Care Hospital,hospital,8.68886,77.463309
Sugam Hospital,hospital,8.822265,77.372346
ESI Hospital,hospital,8.787162,77.726567
Damayanthi Hospital,hospital,8.684954,77.461809
Anandha Jothi Hospital,hospital,8.703722,77.4495772
Rajathiran Hospital,hospital,8.815422,77.680813
Sakthi Nursing Home,hospital,8.701266,77.460029
"Anbu Hospital,",hospital,8.827374,77.373559
Kumarasamy Hospital,hospital,8.694761,77.519646
Sigaram Siddha Hospital,hospital,8.6886306,77.4615642
Indra Hospital,hospital,8.687461,77.566403
Pushpam Memorial Hospital,hospital,8.7453897,77.52314
Nellai Test Tube Baby Hospital,hospital,8.7234105,77.6620741
Krishna Hospital,hospital,8.740501,77.522546
Kaithe Millath Hospital,hospital,8.722522,77.659294
ESI Hospital,hospital,8.7126691,77.3946823
Chandra Sekar Hospital,hospital,8.714802,77.384013
Jessie Eye Hospital,hospital,8.7035582,77.4498042
Vidivelli Hospitals,hospital,8.6694785,77.6692658
Dr. Muthukumar Hospital,hospital,8.688891,77.461203
Sankar Hospital,hospital,8.804653,77.736598
Maris Siddha Hospltal,hospital,8.8235761,77.3737701
Kerala Arogya Ayurveda Panchakarama Hospital,hospital,8.70583,77.44052
Raja Pandian Hospital,hospital,8.70404,77.4561799
Government Hospital,hospital,8.671871,77.58752
Dr. Sankaranarayanan Hospital,hospital,8.704138,77.45877
Santha Hospital,hospital,8.703363,77.458363
Thilaks Hospital,hospital,8.725932,77.663712
IRK Siddha Hospital,hospital,8.724189,77.663674
Wellington Cantonment Hospital,hospital,11.359058,76.7834904
Ramachandran's Hospital,hospital,11.3523268,76.787917
Melkavatty Hospital,hospital,11.3837472,76.6563613
Immanuel Eye Hospital,hospital,11.342419,76.788655
Charing Cross Eye Hospital,hospital,11.411348,76.710521
Sait Memorial Hospital,hospital,11.4077296,76.7026857
Devi Hospital,hospital,11.356741,77.16542
Dhanam Hospital,hospital,11.3472623,76.7897334
Sivakumar Hospital,hospital,11.4213103,76.8606476
Ganesh Gounder Vaidhya Salai,hospital,11.3308768,77.1693058
Cordite Factory Hospital,hospital,11.3671903,76.7654711
Government Hospital,hospital,11.3549831,77.1447253
Herbocare Hospital,hospital,11.4095549,76.7043618
HF Hospital,hospital,11.4213865,76.8641399
Vishnu Nursing Home,hospital,11.351926,77.165558
Assisi Hospital,hospital,11.773541,77.008238
JMGV Hospital,hospital,11.775842,77.005864
Arunachalam Hospital,hospital,11.3546609,77.1698426
Sutton Estate Group Hospital,hospital,11.3012082,76.7406229
Chinathambi Hospital,hospital,11.3282162,77.1683726
Thangam Health Care Hospital,hospital,11.3484244,77.1652678
FPA Hospital,hospital,11.344371,76.802178
Lawrence School Hospital,hospital,11.3821244,76.7021199
Government Hospital,hospital,11.3713664,77.3234618
Dr. Ponnusamy Hospital (Ramya Hospital),hospital,11.3564948,77.3205218
Muthu Hospital,hospital,11.3512958,77.1671183
Cantonment Hospital,hospital,11.363568,76.788468
Emmanuel Eye Hospital,hospital,11.3429624,76.7883747
PG Hospital,hospital,11.353796,77.164196
Blaisy Eye Hospital,hospital,11.4111471,76.7106639
Sumith Hospital,hospital,11.0387262,76.9228367
Devarshola Garden Hospital,hospital,11.5351201,76.4433393
Ranjith Dental Hospital,hospital,11.038389,76.926209
Rukmani Ammal Hospital,hospital,11.025042,76.9439008
Onecare Ortho Hospital,hospital,11.026568,76.948798
Raaj Dental Hospital,hospital,11.0263447,76.9423976
MCM Hospital,hospital,11.5437482,76.4394877
Government Hospital,hospital,11.5063815,76.4927258
Aswin Hospital,hospital,11.0255271,76.9515108
Nellakotta Primary Hospital,hospital,11.552993,76.419181
Government Hospital,hospital,11.5264581,76.3292672
Government Hospital,hospital,11.484829,76.338996
Sakthi Fertility Hospital,hospital,11.0255323,76.9463747
GTMO Hospital,hospital,11.502887,76.4935025
Masani Hospital,hospital,11.0246928,76.9435571
Kandaswamy Sidhq Hospital,hospital,11.026645,76.945987
Pearl Division Hospital,hospital,11.5346478,76.4050262
Attikunna Mini Hospital,hospital,11.5029982,76.3669021
P S G Cules Hospital,hospital,11.045772,76.92291
Amala Hospital,hospital,11.575678,76.363137
Albin's House,hospital,11.4921066,76.4259542
Webster Memorial Eye Hospital,hospital,11.5116807,76.4935163
Seenai Ayurvedics,hospital,11.555545,76.310105
Garden Hospital,hospital,11.5054015,76.3197207
Paavai ENT Hospital,hospital,11.0270905,76.9416551
Vishnupriys Hospital,hospital,11.0365363,76.9317515
Srinivas Hospital,hospital,11.013248,77.0192485
Kadhasamy Hospital,hospital,11.148674,77.350663
Thavamani Hospital,hospital,11.2719549,77.4120852
Jacob Hospital,hospital,11.1645096,77.3496992
Chycartist Hospital,hospital,11.0160902,77.0202551
Revathi Charity Trust Hospital,hospital,11.1588612,77.34966
Sri Aravindhar Hospital,hospital,11.1697756,77.4448276
Velliraveli Government Hospital,hospital,11.2664783,77.4535163
Viswanathan Hospital,hospital,11.2725112,77.411171
Aravind Eye Care Hospital,hospital,11.1729469,77.4574467
S V Hospital,hospital,11.273427,77.411431
Dhanam Thangam Hospital,hospital,11.2719384,77.4121472
Sri Renu Hospital,hospital,11.1990225,77.4219937
Dr. Felix Hospital,hospital,11.0044086,77.0348661
Ram Doctor Hospital,hospital,11.1709391,77.4532808
Government Hospital,hospital,11.1766489,77.4532784
Nithya Hospital,hospital,11.0210366,76.9665217
Vishnu Hospital,hospital,11.0076298,76.9576345
Arc Fertility Hospital,hospital,11.012539,76.986166
Rex Ortho Hospital,hospital,11.008405,76.956396
N R Hospital,hospital,11.0112326,76.9548289
Parvathy Hospitals,hospital,11.01472,76.952299
Srigiri Ayurvedic Hospital,hospital,11.0081541,76.9578763
K.B.S. Hospital,hospital,11.0157437,76.9842202
Dr. G. Thiagarajan's Memorial Hospital,hospital,11.00534,76.989401
Ramvel Hospital,hospital,10.9958212,76.9963939
Sathya Medical Centre & Hospital,hospital,11.0238937,76.9582121
Dr. K Shitra Hospital,hospital,11.0052314,76.9555303
Ramakrishna Hospital,hospital,11.0207084,76.972413
Seethalakshmi Maternity Hospital,hospital,11.0065379,76.9600631
Sri Vishnu Priya Hospital,hospital,10.998711,76.951222
Arun Urology Hospital,hospital,11.0143168,76.9449938
Vennila Hospital,hospital,10.9901191,76.9421502
R.S Hospital,hospital,11.0091279,76.954667
Welcare Hospital,hospital,10.989403,76.961714
Becker Manual Hospital,hospital,11.020659,76.968611
Narmada Hospital,hospital,10.9967758,77.0071075
Rao Hospital,hospital,11.0131526,76.948405
Kamala Prakash Hospital,hospital,11.007283,76.956267
Rafa Hospital,hospital,11.007011,76.992439
Subu Hospital,hospital,10.9920096,76.9520898
Rajagambiram Dental Hospital,hospital,10.9923475,76.9559691
Iswarya Hospital,hospital,11.0002483,76.9518169
Sri Guru Hospital,hospital,10.9920855,76.9574858
PGS Hospital,hospital,11.0153485,76.9524368
K Jagathnathan Hospital,hospital,10.999154,76.951549
Mak Hospital,hospital,11.008435,76.9580134
Koliyankulam Hospital,hospital,8.2313835,77.6340654
Thangaraj ENT Hospitals,hospital,8.446139,77.6054123
Uma Hospital,hospital,8.1507633,77.5722134
Sri Kumar Hospital,hospital,8.439324,77.603196
The Dohnavur Fellowship,hospital,8.4645845,77.5806317
Aysha Hospital,hospital,8.58171,77.587209
Rose Children Hospital,hospital,8.334174,77.864134
Shobha Hospital,hospital,8.3343196,77.8645976
Madhumitha Hospital,hospital,8.385578,77.608115
Ezhil Siddtha Hospital,hospital,8.514574,77.557122
Annai Amaravathi Hospital,hospital,8.3856271,77.6105851
Annan Hospital,hospital,8.354123,77.6645432
Vivek Hospital,hospital,8.322792,77.578309
Government Hospital,hospital,8.50846,77.574139
Al Hudha Hospital,hospital,8.4433735,77.5991217
Prakash Hospital,hospital,8.4698789,77.6845746
Chokkalingam Hospital,hospital,8.513532,77.556037
Thiraviam Orthopaedic Hospital,hospital,8.387907,77.6092148
Luke Hospital,hospital,8.5973872,77.7120556
Thambi Hospital,hospital,8.527133,77.56156
Salom Hospital,hospital,8.433031,77.726933
Balaji Hospital,hospital,8.393156,77.610889
Vivekanada Masonic Hospital,hospital,8.092879,77.550692
Nalamthaa Siddha Hospital,hospital,8.4128062,77.623645
VP Hospital,hospital,8.335665,77.86332
G.S Hospital,hospital,8.09567,77.550468
Karpagam Hospital,hospital,8.335607,77.861467
AJ Hospital,hospital,8.528811,77.561649
Government Hospital,hospital,8.608277,77.577132
Chithambaranathan Hospital,hospital,8.150694,77.570682
Jose Hemalatha Hospital,hospital,8.324206,77.578919
GM Hospital,hospital,8.3553329,77.6604565
Bharath Hospital,hospital,8.155279,77.57311
Government Hospital,hospital,8.1447107,77.5769509
Prem Hospital,hospital,8.385411,77.612187
Chellammal Hospital,hospital,8.1495429,77.5712404
Dohnavur Fellowship Hospital,hospital,8.465721,77.576982
CSI Immanuel Mission Hospital,hospital,8.313823,77.88335
Parvathy Nursing Home,hospital,8.514125,77.551701
Deivanayagam Hospital,hospital,8.0835552,77.5513421
St.Lourdes Hospital,hospital,8.180459,77.74457
G.K Hospital,hospital,8.3186792,77.578436
J.A.P Hospital,hospital,8.1599879,77.615708
Bejan Singh Eye Hospital,hospital,8.3909271,77.6092669
King David Hospital,hospital,8.3784618,77.6105111
Dr. Jeganathan Hospital,hospital,8.387223,77.611919
SCAD Hospital,hospital,8.6289855,77.6975614
Madhumita Hospital,hospital,8.412765,77.623632
Suham Hospital,hospital,8.387877,77.608032
Shanthi Hospital,hospital,8.3341971,77.8703184
St.Thomas Hospital,hospital,8.259881,77.605193
Rajaram Hospital,hospital,8.0830107,77.5512866
BBTCL Hospital,hospital,8.5681052,77.4096562
Armuga Nainar Hospital,hospital,8.513953,77.557967
Rani Physiotherapy Hospital,hospital,8.3352218,77.8629477
Dr. Ajith Hospital,hospital,8.335644,77.863033
Dhanam Maternity Hospital,hospital,8.515256,77.555797
Easwari Nursing Home,hospital,8.413131,77.62408
Fathimma Hospital,hospital,10.1205454,77.5473032
Jaivignesh Skin Hospital,hospital,10.009511,77.3493154
Nanthitha Hospital,hospital,10.112557,77.547212
Kumaran Hospital,hospital,10.006842,77.350059
Balaji Hospital,hospital,10.007185,77.350208
Keerthi Shree Hospital,hospital,10.006948,77.351073
Sulaxsana Hospital,hospital,10.01233,77.351966
Nerumathy ENT Speciality Hospital,hospital,10.006827,77.350137
Nattathi Nadar Hospital,hospital,10.005402,77.446691
Mathi Children's Hospital,hospital,10.010101,77.349314
Vikram Hospital,hospital,10.120164,77.546206
Kohila Hospital,hospital,10.079078,77.519762
Lakshmi Hospital,hospital,10.1171828,77.5463195
Venkateshwara Hospital,hospital,10.0083102,77.348515
Chelladurai Homeopathic Hospital,hospital,10.009674,77.349398
Dr. Muthulakshmi Hospital,hospital,10.1224068,77.5400684
Saravana Hospital,hospital,10.006855,77.349935
Boothipuram Nattathi Nadar Hospital,hospital,10.0053699,77.4466009
National Hospital,hospital,10.014835,77.352259
Ravindranath Hospital,hospital,10.010402,77.350894
Sasikumar Hospital,hospital,11.1051507,77.335476
RJR Herbal Hospitals,hospital,11.096753,77.346988
Revathi Hospital,hospital,11.123416,77.414787
Zona Hospital,hospital,11.0974834,77.3533565
AMC Super Speciality Hospital,hospital,11.0963178,77.3490793
Ideal Homeo care,hospital,11.0966359,77.3498083
Poornima Hospital,hospital,11.10788,77.325674
ESI Hospital,hospital,11.1096063,77.3366279
Manam Health Care Hospital,hospital,11.1091822,77.335627
Nallini Hospital,hospital,11.1091685,77.353517
Sweta Multi Speciality Hospital,hospital,11.1011945,77.3575782
Lotus Eye Hospital,hospital,11.1031666,77.3474352
Dr. Karunanithy Hospital,hospital,11.1245519,77.34682
R.K. Hospital,hospital,11.116491,77.3395591
Surya Karutharipu Maiyam,hospital,11.1099295,77.3354284
Galaxy Hospital,hospital,11.1009766,77.3553006
Smile Works Dental Hospital,hospital,11.0976027,77.3538561
Skin Hospital,hospital,11.1124561,77.337064
Sekar Dental Hospital,hospital,11.1134609,77.3390426
Arun Hospital,hospital,10.0083492,77.483841
PC Hospital,hospital,10.019645,77.479952
Ramapandian Hospital,hospital,10.004566,77.489078
KK Hospital,hospital,10.004803,77.472931
Dr. Velmurugan Hospital,hospital,10.0086241,77.4804568
Chandra Sekar Hospital,hospital,10.009372,77.478936
KK Multispeciality Hospital,hospital,10.0264942,77.4796586
Swathi Hospital,hospital,9.998852,77.466671
RJR Herbal Hospital,hospital,10.008322,77.476417
Ramya Hospital,hospital,10.017734,77.479233
Tnkhnu Charity Fund Hospital,hospital,10.015293,77.480989
Dr. Bosemani Hospital,hospital,10.010304,77.478582
Karunai Hospital,hospital,10.01522,77.4801802
Dhanvanthiri Hospital,hospital,10.002995,77.489032
Pranaya Speciality Hospital,hospital,10.019425,77.479883
AVS Eye Hospital,hospital,10.0112091,77.4793469
Sri Vinayaka Hospital,hospital,9.999608,77.485068
Rasan Memorial Hospital,hospital,10.009301,77.47904
Srinivasa Hospital,hospital,10.009438,77.479721
Aram Hospital,hospital,10.009355,77.478158
Siva Sakthi Hospital,hospital,10.0146053,77.4821492
Devadharshini Maternity Care,hospital,9.998306,77.465792
Sankar Hospital,hospital,10.010114,77.4769176
Hema Teeth Hospital,hospital,10.010968,77.477246
Dhamodharan Hospital,hospital,10.009659,77.479106
Home Hospital,hospital,10.006725,77.468502
Theni Hospital,hospital,10.0098731,77.4769927
Rajapandian Hospital,hospital,10.004942,77.489045
Theni Dhanwanthri Ayurvedha Hospital,hospital,10.030291,77.48123
Theni Skin Hospital,hospital,10.00757,77.482805
Sukumar Hospital,hospital,10.0095581,77.4782176
Keerthana Hospital,hospital,10.007608,77.481585
ESI Hospital,hospital,10.015051,77.479162
Chandrasekhar Hospital,hospital,10.0088576,77.4813753
Harini Hospital,hospital,10.019836,77.480227
Nalam Hospital,hospital,10.020856,77.478718
Karur Dental and Cosmetology Hospital,hospital,10.9617053,78.0752566
Dr. Karunanidhi Baby Care Hospital,hospital,10.962121,78.0741953
Navaladi Hospital,hospital,10.9631494,78.0762111
Murugesan Hospital,hospital,10.9619995,78.0643134
Kabila Kannan Hospital,hospital,10.959361,78.072534
Dr. Karthi Hospital,hospital,10.9391186,78.0842197
Krg Hospitals,hospital,10.9620644,78.07212
Sanjai Rithick Hospital,hospital,10.9628717,78.0740658
Manimekalai Hospital,hospital,10.955985,78.081226
Shree Sakthi Hospital,hospital,10.9636982,78.0698733
Jeyammal Hospital,hospital,10.9633541,78.070428
Nesi Eye Care Hospital,hospital,10.9612243,78.0704182
Karuvurar Siddha Hospital,hospital,10.9617419,78.0689621
Parthasarathy's Dental Hospital,hospital,10.9615774,78.0716249
Arasan Eye Hospital,hospital,10.961065,78.067647
Neethu Neuro Hospital,hospital,10.958315,78.0734656
Vidiyal Hospital,hospital,10.9479113,78.1004165
Krishna Medical Centre Hospital,hospital,10.9643009,78.0541215
Skin Trust Hospital,hospital,10.9615302,78.0767588
Ananya Ortho Care Hospital,hospital,10.956319,78.081435
Senthil's Emergency Care,hospital,10.9619826,78.0643823
Skin Hospital,hospital,10.9560809,78.0799651
Akhila Children's Hospital,hospital,10.9585894,78.0745699
Balaji Hospital,hospital,10.9613902,78.076345
Meganathan Hospital,hospital,10.9658739,78.052368
Deepa Hospital,hospital,10.9628985,78.0766134
Raja Psychiatric Hospital,hospital,10.956568,78.079981
Kumaran Hospital,hospital,10.9619213,78.0644924
K R G Hospital,hospital,10.9633415,78.0684828
Poongothai Hospital,hospital,10.9619987,78.0690593
Sathyam Hospital,hospital,10.968865,78.048055
Jai Children Hospital,hospital,10.956354,78.080021
Niha Multi Speciality Hospitals,hospital,10.9611515,78.0715536
Rajini Hospital,hospital,10.962794,78.076934
Renuga Hospital,hospital,10.9595907,78.0733125
Jeyamani Plastic Surgery Centre,hospital,10.9615223,78.0737932
Dhanvanthri Nilayam,hospital,10.9616527,78.0735138
Loganathan Dental Care Hospital,hospital,10.962963,78.068556
Gunam Hospital,hospital,10.9339489,78.0902964
Ranjith Child Hospital,hospital,10.9622369,78.0690826
K.V.S Hospital,hospital,10.9560191,78.0809837
Shajahan Hospital,hospital,10.7703217,78.8023177
Gopinath Hospital,hospital,10.8567035,78.6922553
Srinivasan Hospital,hospital,11.1535479,78.5944614
AJ Medical Centre & Hospital,hospital,10.8178484,78.6851018
SVH Speciality Hospital,hospital,10.8225487,78.6830528
Saranya Psychiatric and Deaddiction Hospital,hospital,10.8261103,78.6774443
Srinidhi Hospital,hospital,10.7680025,78.6841464
Saravana Hospitals,hospital,10.9944313,78.3273838
Sabari Hospital,hospital,10.8017296,78.6957613
Jaya Hospital,hospital,10.813015,78.7010119
Sowmanasya Hospital and Institute of Psychiatry,hospital,10.8326513,78.6909964
Akshaya Hospital,hospital,10.7834183,78.7008469
Venkateswara Hospital,hospital,10.80769,78.6990611
Chidambaranathan Hospital,hospital,10.9131642,78.7010356
Sai Care Hospital,hospital,10.8224998,78.6752551
Nirmal Hospital,hospital,11.1456633,78.5938188
B.R. Hospital,hospital,11.1460635,78.5950492
Dr. Safiulla Hospital,hospital,10.7853789,78.6910737
Ragavendra Hospital.,hospital,10.7759757,78.6859974
Nagu Memorial Family Hospital,hospital,10.7778916,78.6720712
Hashini IVF Centre,hospital,10.8197905,78.6843469
PV Moorthy Hospital,hospital,10.8117331,78.6969997
Arun Hospital,hospital,10.8262068,78.6846836
Dr. Thiruvengadam Hospital,hospital,10.8137175,78.6357319
St. Joseph Hospital,hospital,10.79207,78.65291
Baby Hospital,hospital,10.8575378,78.6928204
Komathasiddha Hospital,hospital,10.7867314,78.6670728
Silverline Speciality Hospital,hospital,10.8246371,78.681967
Vasan Hospital,hospital,10.8187547,78.6836963
Arogya Ayurveda Hospital,hospital,10.8131042,78.6730489
Nagu Hospital,hospital,10.7897017,78.6634264
Srinvas Hospital,hospital,10.8235492,78.6816099
Shree Ramya Hospital,hospital,10.8130426,78.675866
Moorthys Hospital,hospital,10.8144447,78.6859995
Dr. Nagadeepan Hospital,hospital,10.710523,78.7253872
SMS Hospital,hospital,10.8270753,78.6824426
Children Hospital,hospital,10.8197438,78.6762039
Hindu Mission Hospital,hospital,10.8168975,78.6891947
TR Hospital,hospital,10.7901175,78.6951689
ESI Hospital,hospital,10.7769788,78.6366609
City Hospital,hospital,10.8278181,78.6840472
Sounthararajan Hospital,hospital,10.8102331,78.6315628
Dr. Siva Hospital,hospital,10.9877652,78.3359228
Dr. G. Viswanathan Speciality Hospitals,hospital,10.8461466,78.6987217
Dr. Alva Hospital,hospital,10.987225,78.336154
Surya Child Hospital,hospital,10.8344117,78.6887181
Om Harish Hospital,hospital,10.7734625,78.6930436
Arogya Hospital,hospital,10.8201739,78.6747351
Vaishali Hospital,hospital,10.8268337,78.6854975
Velan Speciality Hospitals,hospital,10.7822224,78.7016182
Sukriti Hospital,hospital,10.7731455,78.8049737
Safiulla Hospital,hospital,10.8105002,78.6959714
Maxcare Hospital,hospital,10.829047,78.6861428
Gastro Care Hospital,hospital,10.8195071,78.6843609
Madhavan Hospital,hospital,11.1519738,78.5945039
JK Hospital,hospital,11.1378635,78.5914533
Neomed Hospital,hospital,10.8141922,78.6822878
Government Sidha Hospital,hospital,10.8127985,78.6345428
Star Kims Hospitals,hospital,10.8233564,78.681869
Ravikumar Hospital,hospital,10.988317,78.336248
Gitanjali Hospitals,hospital,10.8206918,78.6808905
Raswanth Hospital,hospital,11.2373958,78.8844426
Velmurugan Nature Cure Hospital,hospital,11.2393626,78.886825
Amma Hospital,hospital,11.2416793,78.8937077
Dr. G.S Memorial Hospital,hospital,11.2412864,78.8994385
Child Hospital,hospital,11.4007524,78.9643935
Ajay Bone Joint Hospital,hospital,11.2362492,78.8685472
Government Hospital,hospital,11.4261241,78.7200159
KMS Hospital,hospital,11.2397133,78.8856853
Imaigal Eye Care Hospital,hospital,11.2351435,78.8762437
Sembiyan Pulmo Care Hospital,hospital,11.1832621,79.0500179
Atlas Hospital,hospital,11.235363,78.8726182
STS Hospital,hospital,11.23604,79.022116
Arokya Hospital,hospital,11.2358859,78.8699575
Dr. Devarajan Hospital,hospital,11.236732,78.881197
Government Eye Hospital,hospital,11.236955,78.893863
Wednary Hospital,hospital,11.1934334,79.0432997
Raja Speciality Hospital,hospital,11.239723,78.866034
Saakraa Hospital,hospital,11.2365897,78.8679507
Reality Hospital,hospital,11.382232,78.7289364
Infant Jesus Hospital,hospital,11.2366034,78.8523289
Ponnaiah Hospital,hospital,11.2313131,78.8834334
Government Hospital,hospital,11.2908638,78.9938154
Sanjith Child Care Hospital,hospital,11.2359349,78.8695969
M.G. Hospital,hospital,11.2405551,78.8892328
Herbocare Hospital,hospital,11.2420912,78.8982573
Selvas Hospital,hospital,11.2297477,78.8752875
Velmurgan Nature Cure Hospital,hospital,11.2346897,78.8755742
Government Hospital,hospital,11.1363432,78.9973256
Anv Hospital,hospital,11.2348849,78.8718577
Dhanalakshmi Srinivasan Hospital,hospital,11.234774,78.880344
Dr. Gunagomathy Hospital,hospital,11.235713,78.87807
Chellam Hospital,hospital,11.2352079,78.8702381
Dhana Lakshmi Srinivasan Super Speciality Hospital,hospital,11.197282,78.874252
Arputha Hospital,hospital,11.234368,78.877521
Government Hospital,hospital,11.3628987,79.0524233
Government Hospital,hospital,11.359096,79.1259986
Shri Sabapathy Ayurveda Hospital,hospital,11.2346944,78.881269
Government Hospital,hospital,11.35228,78.8427508
Pradeep Hospital,hospital,11.2359666,78.8747932
Annai Hospital,hospital,11.2398299,78.8522678
AVR Hospital,hospital,11.2348714,78.8719894
Government Hospital,hospital,11.3897272,79.0322118
Omkhar Hospital,hospital,9.734092,77.2840282
Kumaran Hospital,hospital,9.736183,77.28538
Ayurveda Hospital,hospital,9.9981075,77.6225895
Cumbum Joints and Spine Speciality Hospital,hospital,9.735448,77.283291
Muthu Surgical Hospital,hospital,9.842983,77.382009
Aravind Vision Centre,hospital,9.999816,77.624681
Karthik Children's Hospital,hospital,9.735268,77.281793
Mathumathi Herbal & Yoga Hospital,hospital,9.956667,77.490749
Mathivanan Hospital,hospital,9.998983,77.620451
Shiva Naturopathy Yoga & Homoeopathy Hospital,hospital,9.742457,77.282585
Dr. Vijaya Lakshmi Hospital,hospital,9.732158,77.285691
Government Hospital,hospital,9.8730222,77.372567
Jaya Hospital,hospital,9.7333812,77.284149
Gopinath Nursing Home,hospital,9.8425817,77.3828962
Pazhaniammal Hospital,hospital,9.9997761,77.6175734
Manivannan Hospital,hospital,9.735575,77.285268
Vijayalakshmi Hospital,hospital,9.999199,77.620713
Dr. Anand Ortho Hospital,hospital,9.733346,77.285438
Saleema Children's Hospital,hospital,9.7399159,77.2788663
Fathima Hospital,hospital,9.736056,77.282231
Government General Hospital,hospital,9.731135,77.280955
Abhinav Ortho Hospital,hospital,10.0141679,77.6539011
Chellam Hospital,hospital,9.843386,77.381075
Maruthi Hospital,hospital,9.996164,77.615054
Ayurveda Hospaital,hospital,9.9977825,77.6225217
Apm Sidha Hospital,hospital,9.7373278,77.2827277
Annai Seeniammal Hospital,hospital,9.997965,77.622793
Thirumoolar Siddha Hospital,hospital,9.73543,77.28358
Anbu Hospital,hospital,9.9988275,77.6163975
Amutha Hospital,hospital,9.7356085,77.2840878
Bhagya Nursing Home,hospital,9.7334942,77.2841777
Andal Nursing Home,hospital,9.999276,77.619757
Government Hospital,hospital,9.839277,77.379574
APM Hospital,hospital,9.736602,77.282148
Asokan Hospital,hospital,9.9985356,77.6200939
Government Hospital,hospital,9.932255,77.323164
Government Hospital,hospital,9.993696,77.372115
PTV Hospital,hospital,9.862361,77.287474
Dhivya Hospital,hospital,9.737191,77.282507
Navajothi Hospital,hospital,9.734979,77.281772
Vyasini Multi Specilaty Hospital,hospital,9.974008,77.3533
Sri Kala Ayurvedic and Siddha Hospital,hospital,8.7049877,77.7522769
Maya Hospital,hospital,8.7058849,77.7513675
RSP Hospital,hospital,8.7259399,77.7055643
Kumar Hospital,hospital,8.6992812,77.7327907
Jayakumar Hospital,hospital,8.699246,77.714533
Sri Devi Hospital,hospital,8.7274381,77.7081868
Tirunelveli Multi-Speciality Hospital,hospital,8.713907,77.760271
Sri Guru Hospital,hospital,8.724715,77.6866393
Government Hospital,hospital,8.7125221,77.7478902
Jeni Hospital,hospital,8.7320389,77.7494099
Akbar Hospital,hospital,8.7301989,77.6811267
Sathya Hospital,hospital,8.726517,77.673099
Sree Vijaya Children's Hospital,hospital,8.6965281,77.7121846
K.G. Hospital,hospital,8.731177,77.702675
Anam Hospital,hospital,8.7282209,77.6902836
BMK Siddha Hospital,hospital,8.7083213,77.7699316
,hospital,8.7136233,77.7578061
Orange Hospital,hospital,8.7215926,77.7573834
Mother Hospital,hospital,8.7226721,77.7409117
St. Paull's Hospital,hospital,8.6988269,77.7102825
Venkateswara Hospital,hospital,8.7050571,77.7584201
Nagarpura Aramba Sugathara Nilayam,hospital,8.725328,77.707601
Crescent Hospital,hospital,8.6955281,77.7159246
Dr. Allapitchai Hospital,hospital,8.7157091,77.7618563
Iswarya Fertility Hospital,hospital,8.703941,77.730072
Diawin Multi Speciality Siddha Hospital,hospital,8.700556,77.725985
Narayana Heart Centre,hospital,8.7184475,77.7411363
Ganesh Sankar Hospital,hospital,8.7261442,77.7088774
Shifa Eye Hospital,hospital,8.7278984,77.7103496
Muthu Hospital,hospital,8.7108953,77.726631
Ramasamy Memorial Government Hospital,hospital,8.7313103,77.6820219
Gokul Hospital,hospital,8.719115,77.77135
Prem Hospital,hospital,8.7290631,77.7004975
Rhock Hospital,hospital,8.701241,77.7296439
Annai Indira Gandhi Memorial Trust,hospital,8.7047779,77.737778
Sri Vishnupriya Multi-Speciality Hospital,hospital,8.719588,77.758575
RJR Herbal Hospitals,hospital,8.7365637,77.711893
Rathinam Hospital,hospital,8.717308,77.72032
ARC Fertility Hospital,hospital,8.704319,77.730317
Chella Suriya Hospital,hospital,8.7192645,77.7645363
Ortho Cure Hospital,hospital,8.7257201,77.7175482
Seed Trust Siddha Hospital,hospital,8.711991,77.73179
ESI Hospital,hospital,8.7291262,77.7205343
Adam Ali Hospital,hospital,8.7461324,77.7028142
Syed Hospital,hospital,8.7441887,77.7044246
Jai Ayush Siddha Hospital,hospital,8.7187199,77.732946
Ramabhai Ponnudurai Hospital,hospital,8.72041,77.735581
Dr. Velayudhan Pillai Hospital,hospital,8.7294097,77.7184298
Dr. V. Ganapathi Sidha Hospital,hospital,8.744868,77.707455
SMS Hospital,hospital,8.7280028,77.7200448
V Care Hair Care Hospital,hospital,8.7160513,77.7322389
Chendhur Cardiac Centre & Multi Speciality Hospital,hospital,8.7231175,77.7218894
Gem Head and Neck Hospital,hospital,8.7262854,77.7328825
Allapitchi Siddha Hospital,hospital,8.715862,77.732183
Mangala Hospital,hospital,8.7287561,77.7404281
P.S. Hospital,hospital,8.7269228,77.733596
Thanvanthri Hospital,hospital,8.733051,77.722927
Adamali Hosptial,hospital,8.7442121,77.7044254
Muthu Damian Hospital,hospital,8.719595,77.731876
Paul Hospital,hospital,8.726895,77.7336814
Nivya Hospitals,hospital,8.7303047,77.7228248
Thambi Hospital Skin Specialist,hospital,8.7257127,77.730661
Soundaiyan Hospital,hospital,9.6803815,77.2465472
Vivekanandha Hospital,hospital,9.8110092,77.5037897
Ramesh Hospital,hospital,9.8110691,77.5036119
Raphael's Hospital,hospital,8.679182,78.02897
Ebenezer Hospital,hospital,8.7931056,78.1212691
Rajarajeshwari Hospital,hospital,9.7237573,77.5145231
Dhenu Hospital,hospital,9.681052,77.245534
Rajesh Hospital,hospital,8.79092,78.1177484
Venkateshwara Hospital,hospital,8.7950528,78.1200664
Government Hospital,hospital,8.787249,78.123156
Hwp Township Hospital,hospital,8.7356798,78.1210447
Monicka Hospital,hospital,8.8277307,78.1477008
GH Hospital,hospital,8.743572,78.122584
Nisha Siddha Hospital,hospital,8.789386,78.13119
Sathyam Hospitals,hospital,9.7249535,77.5152576
Nallathambi Hospital,hospital,8.780109,78.100623
Jaxton Hospital,hospital,8.7862824,78.1374226
Komatha Siddha Hospital,hospital,9.788522,77.344003
P.K. Hospital,hospital,8.790402,78.117618
Muthu Hospital,hospital,8.742838,78.1235018
Government Hospital,hospital,9.811519,77.325979
Shyamala Nursing Home,hospital,8.7461561,78.0543008
Rama Hospital,hospital,8.8358287,78.1510335
Rajam Hospital,hospital,8.7341008,78.1195755
Raja's Hospital,hospital,9.8123625,77.5041972
St. Joseph's Leprosy Hospital,hospital,8.829118,78.148338
Rama Moorthy Hospital,hospital,8.7487154,78.1285717
Sri Sai Hospital,hospital,9.739328,77.318491
Royal Hospital,hospital,8.837286,78.126194
Selvakrishna Hospital,hospital,8.742739,78.122595
Arr Hospital,hospital,8.8179388,78.1259862
Government Hospital,hospital,9.7723322,77.3365099
Kanna Hospital,hospital,8.6836279,78.0452801
S.S.R.A Hospital,hospital,8.820961,78.125229
Thiraviam Ortho Hospital,hospital,8.7893139,78.1429845
Aswini Ayurveda Hospital,hospital,9.807014,77.327775
Radhu Hospital,hospital,8.7442781,78.0503965
Lakshmi Hospital,hospital,9.8012666,77.3279046
Theventhira Gula Samuthaya Nala Koodam,hospital,9.0895559,77.3513522
Sasi Hospital,hospital,8.9519473,77.3188295
SLP City Government Hospital,hospital,8.912588,77.479867
K.N Hospital,hospital,8.9558807,77.3072842
Meeran Skin Hospital,hospital,9.0884266,77.3477246
Susila Hospital,hospital,8.9129037,77.3866413
Al-Shifa Ayush Hospital,hospital,9.0859409,77.3475927
Shittha Hospital,hospital,9.0638547,77.3460367
Government Hospital,hospital,8.877252,77.391306
ESI Hospital,hospital,8.967245,77.303292
MGS Hospital,hospital,8.899049,77.404527
Santhi CV Hospital,hospital,8.916255,77.379274
Madura Hospital,hospital,8.979996,77.423852
Sri Alagu Hospital,hospital,8.934209,77.448329
Vasantham Hospital,hospital,8.951105,77.320259
Priya Hospital,hospital,8.9160084,77.3809652
Street For Hospital,hospital,9.0228513,77.2524773
Arogya Ayurveda Hospital & Panchakarma Centre,hospital,9.0778261,77.3451709
Sheera Hospital,hospital,9.061069,77.346957
Karthickeyen Hospital,hospital,8.9766417,77.2501806
Municipality Hospital,hospital,8.976215,77.250197
M.S. Hospital,hospital,9.082794,77.351615
Balaji Hospital,hospital,8.956156,77.310119
A.K. Memorial Dental Hospital,hospital,8.956259,77.306538
Government Hospital,hospital,9.027653,77.330744
Iyyer Hospital,hospital,8.976972,77.420385
Raja Hospitals,hospital,8.9162882,77.3803015
Rithika Hospital,hospital,8.908447,77.378439
Surya Nursing Home,hospital,9.02509,77.248072
Dr. Chiranjeevi Hospital,hospital,9.084137,77.346947
Sri Guru Mental Hospital,hospital,8.93261,77.271662
Dr. Alagesan Hospital,hospital,8.97795,77.423328
Janatha Hospital,hospital,9.1801588,77.3984034
Sri Kanna Hospital,hospital,9.18471,77.403275
Jeyaram Hospital,hospital,8.864656,77.496001
Sri Thangam Hospital,hospital,9.062802,77.604431
Aravind Eye Care Hospital,hospital,9.1789471,77.3986924
ESI Hospital,hospital,9.14728,77.6982935
Selvam Siddha Hospital,hospital,9.1738208,77.5339507
Arunagiri Hospital,hospital,9.2433648,77.409814
Maniram Hospital,hospital,8.8645538,77.4955716
Ravindran Hospital,hospital,9.178967,77.397995
Aravind Eye Hospital,hospital,9.192964,77.84376
Dr. Sivkami Hospital,hospital,9.169014,77.535878
SDVM Hospital,hospital,9.179654,77.40019
Malaivel Siddha Hospital,hospital,9.264598,77.539959
Lakshmi Hospital,hospital,9.1500489,77.7013314
Mani Hospital,hospital,8.868568,77.492429
Allen Homeopathic Hospital,hospital,9.1362129,77.6941062
Tamilselvan Hospital,hospital,8.930966,77.568949
Government Hospital,hospital,9.1507419,77.7051644
Sridurga Hospital,hospital,9.166921,77.535624
Esakkiyappan Hospital,hospital,9.1476848,77.7033991
Vasantham Hospital,hospital,8.865063,77.494974
Sumathy Hospital,hospital,9.3423934,77.4302399
Jayasree Hospital,hospital,9.187607,77.4032
Shanthi Hospital,hospital,9.1740852,77.3950525
MRS Skin Hospital,hospital,9.1775161,77.3970609
Karanaya Hospital,hospital,9.303836,77.445406
Jayalakshmi Multi Speciality Hospital,hospital,8.8674485,77.4951666
Krishna Hospital,hospital,9.178307,77.535374
Pradeeps Scan Hospital,hospital,9.2391471,77.4111478
Community Hospital,hospital,8.8675263,77.4922339
Government Hospital,hospital,9.311153,77.557057
Dr. Samuvel Ortho Hospital,hospital,9.170898,77.536181
Ravi Hospital,hospital,9.1836943,77.5345919
Dr. V. Srinivasan Hospital,hospital,9.174372,77.533638
Jayam Hospital,hospital,9.172565,77.3955634
Government Hospital,hospital,9.0090329,77.4525768
Kirsnaveni Hospital,hospital,9.1749806,77.5413915
Surya Hospital,hospital,9.1707365,77.3934937
Rani Hospital,hospital,8.8646031,77.496207
Razack Hospital,hospital,9.1781887,77.5277294
Mahalakshmi Hospital,hospital,9.1762115,77.3977591
Shanthi clinic,hospital,10.3603097,78.0013644
pachal police station,police,12.270105,78.9416793
Police station,police,8.9387509,77.4491522
Arakandanallur Police station,police,11.9741088,79.2255456
,fire_station,12.5246575,78.2171432
,police,12.5331807,78.213626
,hospital,13.1183857,80.2606286
Police station,police,10.7526081,78.8228808
,hospital,12.7598578,80.0043806
,hospital,12.7638244,80.0039198
,police,12.9738305,80.186835
R10 MGR Nagar Police Station,police,13.0310886,80.2017034
K.M. Nursing Home,hospital,13.0371216,80.2013389
Military Hospital,hospital,13.0117736,80.1941708
arun medical and generals,hospital,10.9424232,78.0905141
????????? ???????????,hospital,13.0487242,80.2036274
KS Bone and Joint Clinic - Ortho,hospital,13.026029,80.212368
R6 Police Booth,police,13.026501,80.2116238
Shens Multi-Speciality Hospital,hospital,13.0318828,80.2103124
,hospital,11.6768357,78.1455484
Kunnathur Police Station,police,11.2730826,77.4111808
Manima Clinic,hospital,11.623248,78.1465721
Shri Sathyanarayana Hospital,hospital,11.4291297,77.6913408
Sanjeevani Ayurvedic Hospital,hospital,12.9120483,80.2489789
Police Help Line,police,10.0732901,78.7813961
,police,13.0504496,80.1828617
,police,10.067951,78.7649715
"Narikudi, Virudhunagar",police,9.5890379,78.3162074
,fire_station,10.2682088,78.5395993
Ponnamaravathy,police,10.2764499,78.5388542
Railway Protection Force,police,10.0680319,78.7918841
Aayurdhaa Hospital,hospital,13.1139068,79.4264573
Prashanth Hospitals,hospital,12.9784544,80.2214698
PPN hospital cardiac care,hospital,10.4518523,77.5167875
MPS Hospital,hospital,10.4517732,77.516412
Ramya Eye Hospital,hospital,10.4513085,77.5145136
satish babu hospital,hospital,10.4475295,77.524816
Nitharsana Ortho Clinic,hospital,10.4516432,77.514925
ENT clinic,hospital,10.4480545,77.5242001
ortho hospital,hospital,10.4481759,77.5285028
Velachery Police Station,police,12.9809435,80.2209233
,hospital,8.7525253,77.7036702
Jolarpet Goverment Hospital,hospital,12.5657201,78.5824824
Wellington Police Station,police,11.3547876,76.7846127
DSP office,police,11.3430657,76.7908448
,hospital,13.0381458,80.1619363
Geri care hospital,hospital,13.0439323,80.2407095
??????????????? ????? ???????,police,11.357586,77.8922539
SP Bungalow,police,10.3609025,77.9868464
S.P. Police Station,police,10.3609973,77.986485
,police,10.3632709,77.9775751
Aravind Eye hospital,hospital,10.3670105,77.9784382
Rajarajeshwari hospital,hospital,10.3588227,77.9780867
"Police Station, Kattumannarkoil",police,11.2748874,79.5467232
Pettai Police Station,police,8.7233887,77.6634014
Dr. Sivaraman Hospital,hospital,8.7241333,77.6639981
Jayaram Child Hospital,hospital,9.4582507,77.560277
aravind herbal,hospital,9.4701302,77.5232551
Surendra Multi-speciality Hospital,hospital,11.7425547,79.759964
4 Squares Dentistry,hospital,12.9214652,80.1651302
Vinayaka Labs & Diagnostics,hospital,12.6619421,79.541093
E5 Mattuthavani Station,police,9.9435961,78.1551729
S B Hospital,hospital,12.8461109,80.2263842
Chamdhi Netralayam Eye Hospital,hospital,13.2086279,80.1698455
???????????? ????? ???????,police,8.736524,78.0445247
Women Police Station,police,10.0754931,78.7793942
Subam Hospital,hospital,12.0595128,78.4766713
Masthan Hospital,hospital,8.7264532,77.6657907
Nellai Multicare Clinic,hospital,8.6994964,77.7098482
Chennai Best Acupuncture Clinic in OMR Padur,hospital,12.8124897,80.2257817
,hospital,9.5911757,77.9554766
Dr. K.V. Poly Clinic,hospital,9.589916,77.9577546
Hari Balaji Hospital,hospital,9.5897718,77.9582012
Shreyas hospital,hospital,13.1266701,80.2014392
,police,13.0414828,80.1331364
,hospital,8.5134067,77.5575499
Sudha Hospital,hospital,11.4555773,78.1760125
Rasi Hospital,hospital,11.4618368,78.1855695
GVN Riverside Hospital,hospital,10.8425118,78.7124077
Hannah Joseph Hospital,hospital,9.8776647,78.1368783
Police station,police,11.3844885,78.1622883
Puduchathiram Police station,police,11.3845086,78.1624257
Dhanam Clinic,hospital,9.614336,77.9567299
Women And Children Foundation Hospital,hospital,13.1180276,80.2126037
Arun Hospital Unit 2,hospital,9.9214638,78.1277555
Frame of Mind - SCARF Psychiatric Hospital,hospital,13.0972767,80.1982422
Vasantha Memorial Cancer Centre,hospital,13.040756,80.2146876
Richardsons Dental & Craniofacial Hospital,hospital,8.1965999,77.3903026
Arokiya Annai Children Hospital,hospital,8.2498045,77.3126833
,hospital,8.2081051,77.3680085
St. Mary's Hospital,hospital,12.5128555,78.2186887
HUDCO Police Station,police,12.7258052,77.8579715
Devakottai Urban PHC,hospital,9.9407414,78.8255999
,police,11.6124667,79.4888385
,police,11.7925302,79.527809
Devakottai UHWC,hospital,9.962897,78.8164521
Ingrid Kowski Hospital,hospital,11.3510939,76.8114495
Nathan dental clinic,hospital,12.9546956,79.1352002
mangadu police station,police,13.0352881,80.114521
Chinnanur Primary Health Center,hospital,11.6871701,78.2251184
Primary Health Center,hospital,11.670834,78.1858094
Salem Camp GH,hospital,11.794162,77.8130475
Aadhar Multi-speciality Hospital,hospital,11.1113928,77.3384408
,police,12.9407315,79.1733108
Rishi Mediclinic,hospital,11.088168,79.6489627
,fire_station,12.9297974,79.3291969
Ranipet Police Station,police,12.9275387,79.3304569
F2 Auroville Police Station,police,11.9910312,79.7840118
Government Railway Police Station,police,11.6712204,78.1130289
Balaji Heart Care Center,hospital,12.6888627,79.980109
Paranur Hospital,hospital,12.7370085,79.9883446
KHM,hospital,13.084556,80.2130458
L Rapha Life Care Hospital,hospital,12.9580448,80.1280036
Police station,police,11.4417624,76.9515084
Dr. Vijay's Hospital,hospital,13.0856699,80.1797716
J1 Sethiathoppu Police Station,police,11.4526281,79.5462513
,hospital,11.5063516,79.3426463
Maavatta Kaaval Aluvalagam - Tiruppur,police,11.0811826,77.3409296
M. Thathanur Primary Health Center,hospital,11.6824017,78.2445813
,police,8.178981,77.4367708
,hospital,10.5400649,76.9828064
,police,10.5401717,76.983101
SMF,hospital,13.0868727,80.1697458
Sri Venkatesh Eye Care,hospital,11.4649052,78.1928421
,police,8.6258884,77.9077959
ISOS Hospital,hospital,8.3535573,77.674873
,police,8.204933,77.5714806
,hospital,8.1486187,77.5714582
Jananam fertility centre,hospital,12.9569147,80.2513405
Medha Hospital,hospital,11.2282106,79.4739292
,police,11.5563332,79.5553209
Sugam Hospital,hospital,12.9622155,80.159938
L3 Kullanchavadi Police Station,police,11.6280544,79.6690515
T-2 Reddichavady Police Station,police,11.8364604,79.7858521
Surendra Multi Speciality Hospital,hospital,11.7372028,79.7618036
Dental College & Hospital,hospital,12.8705153,80.2233736
Thiruvarur Taluk Police Station,police,10.7807779,79.6076069
,fire_station,10.781329,79.6076376
Hospital,hospital,10.1228886,77.5327817
Police Station,police,10.1460152,77.6419915
Hospital,hospital,10.1473787,77.6381308
Police station,police,10.310788,77.6430616
Police station,police,10.1224472,77.545984
DYSP Police station,police,10.2368898,77.4943466
Mettur FIre and Rescue Dept.,fire_station,11.8018489,77.8269114
,hospital,12.89188,80.1770557
Munneerpallam Police Station,police,8.6818307,77.6986627
Thottiyam Police station,police,10.9874415,78.3363001
Thiruvarur Armed Reserve,police,10.7695222,79.6054543
Tirupattur Town Police Station,police,12.4950217,78.5674799
Vanjee Multispecality Dental Centre,hospital,11.3418385,77.7132218
Malli Police Station,police,9.4944923,77.6937848
Sundara Multi Speciality Dental Hospital,hospital,8.3140196,77.2031314
Thanaraj Speciality Hospital,hospital,8.7948295,78.1335671
Diya Heart Care Centre,hospital,8.8178236,78.1320744
kanjanur police station,police,12.0661599,79.4651755
,police,10.4337272,77.8609746
,hospital,10.8778402,78.7102316
X1 Veppur Police Station,police,11.5295953,79.1223868
,hospital,10.5486852,78.2966533
,hospital,10.725127,78.5568592
JJ Arul Hospital,hospital,10.3310469,77.9566165
Rhythm Super Speciality Hospital,hospital,11.2425415,78.895336
,hospital,11.5344694,79.4219879
Annur Police Station,police,11.2315485,77.1014321
Anugraha Multi Speciality Hospital,hospital,11.773549,78.0546408
"Commissioner of Police office, Greater chennai Police",hospital,13.081276,80.2631177
Control Room,police,13.0848694,80.2182466
Thiruvallur fire station,fire_station,13.1378247,79.907707
,police,11.3498588,79.5058987
A.V.R. Hospital,hospital,11.0566508,79.4143262
Lions Eye Hospital,hospital,12.7264366,77.8576503
,fire_station,9.5167506,77.6315958
Rishi Child Care Centre,hospital,9.5900487,77.9573296
Gokulam ortho hospital,hospital,11.1340331,77.0350369
Arunai Hospitals,hospital,11.0182403,76.9246
"E4 Police Station, Thuraiyur",police,11.1448718,78.593571
Southgate Police Station,police,9.9107439,78.1197237
Fire And Rescue Services Station,fire_station,10.3595441,77.9680778
Vaidhya Hospital,hospital,11.5161457,79.3182398
W.2. Oomangalam Police Station,police,11.5380527,79.4326298
V.R.K. Hospital,hospital,11.5191698,79.3408773
Fire Station,fire_station,12.3328308,78.3489464
Mallasamudram Police Station,police,11.4998427,78.0303028
,hospital,13.0920988,80.2588062
Dr Bala's Skin clinic,hospital,12.9831959,80.2013573
Erode District Fire Station,fire_station,11.3326366,77.7272532
SKS Physiotherapy Clinic & Rehab Center - Perumalpattu (Veppampattu),hospital,13.1164973,79.9945299
Baleguli HSC,hospital,12.4133006,78.28138
M5 Ennore Police Booth,police,13.1864179,80.3076057
Peelamedu E2 Police Station,police,11.0253639,77.0101634
Podanur Police Station,police,10.9677575,76.9781012
Ramanathapuram Police Station,police,11.0028259,76.9916717
C1 Katoor Police Station,police,11.0145917,76.968262
Out Post Police Station - Singanallur,police,11.0025957,77.0288423
Rathinapuri B-15 Police Station,police,11.0252974,76.9689359
Thudiyalur Police Station,police,11.0819434,76.9412392
The Eye Foundation Eye Hospital,hospital,8.7272908,77.7173787
,hospital,12.9809491,80.1871116
C-1 Bargur Police Station,police,12.5432967,78.354871
,hospital,10.7590365,79.1201633
,hospital,10.7586172,79.1189827
,hospital,10.7500115,79.1145159
Meridian Hospitals,hospital,13.1363242,80.2157688
St Anthony's Hospital,hospital,13.1396018,80.2377389
Vadivelu Hospital,hospital,13.1002212,80.2400853
Fire And Rescue Service Station,fire_station,8.8023125,78.1537646
,hospital,9.1727519,77.8751836
,police,9.1729984,77.8716028
,police,8.9159832,78.0211681
Rajesh Tilak Hospital,hospital,8.7989201,78.1260305
,hospital,8.7992208,78.1373938
"All Women Police Station, Vedaranyam",police,10.3771265,79.8515803
,police,11.6066384,79.5489693
???? ??????????? - ??????????????,hospital,10.399673,79.4966964
Muthupet Police Station,police,10.3995959,79.4969815
,police,10.3867819,79.4601763
,police,8.7434769,78.124523
Viruksham test tube baby centre,hospital,11.5231964,79.3244477
Anu Hospital,hospital,9.5123859,77.6289692
,police,8.749181,78.166659
DSP Police station,police,10.2388773,77.4947667
GD Karthik Clinic,hospital,10.0675005,78.7776552
Padmakshi hospital,hospital,10.8032623,78.6877965
Retna Global hospital,hospital,10.8098728,78.6803203
,hospital,9.9190321,78.1541529
B-2 R.S.Puram police station,police,11.0053262,76.9500311
Ponne hospitalz,hospital,10.8262509,78.6817152
Aiyshwariya Hospital,hospital,10.8288951,78.6821604
Iswarya Fertility Center,hospital,13.0064894,80.2504829
Bharathi Infinity Hospital,hospital,9.9411327,78.180243
,fire_station,12.7551659,77.8018045
sugam hospital,hospital,12.3020874,78.7917283
sugam hospital,hospital,12.3020874,78.7917283
Srinagar colony police booth,police,13.0125062,80.2272456
Good Shepard hospital,hospital,12.9810842,80.2343492
Ganesh priya hospitals,hospital,9.9232202,78.0937348
Yercaud Police Station,police,11.7743308,78.2077213
Coimbatore Corporation Urban Health Centre,hospital,10.9757337,76.9959721
,police,8.4992968,78.1261947
???? ???????????,hospital,12.0658594,78.4723494
Amirthamal Hospital,hospital,9.9018733,78.1208402
Kurangumudi Health Wellness Centre,hospital,10.3067308,76.9005212
First Aid Centre,hospital,10.3259346,76.9182503
Stanmore Garden Hospital,hospital,10.3257646,76.9368182
Iyerpadi Gerden Hospital,hospital,10.3389325,76.9656969
RMS Ropheka Multi Speciality Hospitals,hospital,13.2035123,80.2661437
Government Hospital,hospital,9.6935704,77.9715275
Sneka Mind Care Centre,hospital,8.7126682,77.7198252
Lily Hospital,hospital,9.9240325,78.1489188
Madurai Traffic Police Station,police,9.9245991,78.1488578
lille mission hospital,hospital,9.9240099,78.1489492
Swathi Dental hospital,hospital,9.9241046,78.1488036
,fire_station,11.671229,77.1297439
,fire_station,11.1875714,77.279229
,fire_station,11.1217686,77.3313084
